,Datetime
0,2025-01-27 04:00:00
1,2025-01-27 04:57:00
2,2025-01-27 05:03:00
3,2025-01-27 05:36:00
4,2025-01-27 05:52:00
5,2025-01-27 06:21:00
6,2025-01-27 06:38:00
7,2025-01-27 06:48:00
8,2025-01-27 06:49:00
9,2025-01-27 06:51:00
10,2025-01-27 07:00:00
11,2025-01-27 07:09:00
12,2025-01-27 07:31:00
13,2025-01-27 07:36:00
14,2025-01-27 07:38:00
15,2025-01-27 07:40:00
16,2025-01-27 07:55:00
17,2025-01-27 08:00:00
18,2025-01-27 08:01:00
19,2025-01-27 08:02:00
20,2025-01-27 08:03:00
21,2025-01-27 08:09:00
22,2025-01-27 08:10:00
23,2025-01-27 08:13:00
24,2025-01-27 08:19:00
25,2025-01-27 08:25:00
26,2025-01-27 08:27:00
27,2025-01-27 08:33:00
28,2025-01-27 08:35:00
29,2025-01-27 08:36:00
30,2025-01-27 08:39:00
31,2025-01-27 08:40:00
32,2025-01-27 08:53:00
33,2025-01-27 08:56:00
34,2025-01-27 09:02:00
35,2025-01-27 09:12:00
36,2025-01-27 09:13:00
37,2025-01-27 09:14:00
38,2025-01-27 09:20:00
39,2025-01-27 09:23:00
40,2025-01-27 09:26:00
41,2025-01-27 09:27:00
42,2025-01-27 09:28:00
43,2025-01-27 09:29:00
44,2025-01-27 09:30:00
45,2025-01-27 09:31:00
46,2025-01-27 09:32:00
47,2025-01-27 09:33:00
48,2025-01-27 09:34:00
49,2025-01-27 09:35:00
50,2025-01-27 09:36:00
51,2025-01-27 09:37:00
52,2025-01-27 09:38:00
53,2025-01-27 09:39:00
54,2025-01-27 09:40:00
55,2025-01-27 09:41:00
56,2025-01-27 09:42:00
57,2025-01-27 09:43:00
58,2025-01-27 09:44:00
59,2025-01-27 09:45:00
60,2025-01-27 09:46:00
61,2025-01-27 09:47:00
62,2025-01-27 09:48:00
63,2025-01-27 09:49:00
64,2025-01-27 09:50:00
65,2025-01-27 09:51:00
66,2025-01-27 09:52:00
67,2025-01-27 09:53:00
68,2025-01-27 09:54:00
69,2025-01-27 09:55:00
70,2025-01-27 09:56:00
71,2025-01-27 09:57:00
72,2025-01-27 09:58:00
73,2025-01-27 09:59:00
74,2025-01-27 10:00:00
75,2025-01-27 10:01:00
76,2025-01-27 10:02:00
77,2025-01-27 10:03:00
78,2025-01-27 10:04:00
79,2025-01-27 10:05:00
80,2025-01-27 10:06:00
81,2025-01-27 10:07:00
82,2025-01-27 10:08:00
83,2025-01-27 10:09:00
84,2025-01-27 10:10:00
85,2025-01-27 10:11:00
86,2025-01-27 10:12:00
87,2025-01-27 10:13:00
88,2025-01-27 10:14:00
89,2025-01-27 10:15:00
90,2025-01-27 10:16:00
91,2025-01-27 10:17:00
92,2025-01-27 10:18:00
93,2025-01-27 10:19:00
94,2025-01-27 10:20:00
95,2025-01-27 10:21:00
96,2025-01-27 10:22:00
97,2025-01-27 10:23:00
98,2025-01-27 10:24:00
99,2025-01-27 10:25:00
100,2025-01-27 10:26:00
101,2025-01-27 10:27:00
102,2025-01-27 10:28:00
103,2025-01-27 10:29:00
104,2025-01-27 10:30:00
105,2025-01-27 10:31:00
106,2025-01-27 10:32:00
107,2025-01-27 10:33:00
108,2025-01-27 10:34:00
109,2025-01-27 10:35:00
110,2025-01-27 10:36:00
111,2025-01-27 10:37:00
112,2025-01-27 10:38:00
113,2025-01-27 10:39:00
114,2025-01-27 10:40:00
115,2025-01-27 10:41:00
116,2025-01-27 10:42:00
117,2025-01-27 10:43:00
118,2025-01-27 10:44:00
119,2025-01-27 10:45:00
120,2025-01-27 10:46:00
121,2025-01-27 10:47:00
122,2025-01-27 10:48:00
123,2025-01-27 10:49:00
124,2025-01-27 10:50:00
125,2025-01-27 10:51:00
126,2025-01-27 10:52:00
127,2025-01-27 10:53:00
128,2025-01-27 10:54:00
129,2025-01-27 10:55:00
130,2025-01-27 10:56:00
131,2025-01-27 10:57:00
132,2025-01-27 10:58:00
133,2025-01-27 10:59:00
134,2025-01-27 11:00:00
135,2025-01-27 11:01:00
136,2025-01-27 11:02:00
137,2025-01-27 11:03:00
138,2025-01-27 11:04:00
139,2025-01-27 11:05:00
140,2025-01-27 11:06:00
141,2025-01-27 11:07:00
142,2025-01-27 11:08:00
143,2025-01-27 11:09:00
144,2025-01-27 11:10:00
145,2025-01-27 11:11:00
146,2025-01-27 11:12:00
147,2025-01-27 11:13:00
148,2025-01-27 11:14:00
149,2025-01-27 11:15:00
150,2025-01-27 11:16:00
151,2025-01-27 11:17:00
152,2025-01-27 11:18:00
153,2025-01-27 11:19:00
154,2025-01-27 11:20:00
155,2025-01-27 11:21:00
156,2025-01-27 11:22:00
157,2025-01-27 11:23:00
158,2025-01-27 11:24:00
159,2025-01-27 11:25:00
160,2025-01-27 11:26:00
161,2025-01-27 11:27:00
162,2025-01-27 11:28:00
163,2025-01-27 11:29:00
164,2025-01-27 11:30:00
165,2025-01-27 11:31:00
166,2025-01-27 11:32:00
167,2025-01-27 11:33:00
168,2025-01-27 11:34:00
169,2025-01-27 11:35:00
170,2025-01-27 11:36:00
171,2025-01-27 11:37:00
172,2025-01-27 11:38:00
173,2025-01-27 11:39:00
174,2025-01-27 11:40:00
175,2025-01-27 11:41:00
176,2025-01-27 11:42:00
177,2025-01-27 11:43:00
178,2025-01-27 11:44:00
179,2025-01-27 11:45:00
180,2025-01-27 11:46:00
181,2025-01-27 11:47:00
182,2025-01-27 11:48:00
183,2025-01-27 11:49:00
184,2025-01-27 11:50:00
185,2025-01-27 11:51:00
186,2025-01-27 11:52:00
187,2025-01-27 11:53:00
188,2025-01-27 11:54:00
189,2025-01-27 11:55:00
190,2025-01-27 11:56:00
191,2025-01-27 11:57:00
192,2025-01-27 11:58:00
193,2025-01-27 11:59:00
194,2025-01-27 12:00:00
195,2025-01-27 12:01:00
196,2025-01-27 12:02:00
197,2025-01-27 12:03:00
198,2025-01-27 12:04:00
199,2025-01-27 12:05:00
200,2025-01-27 12:06:00
201,2025-01-27 12:07:00
202,2025-01-27 12:08:00
203,2025-01-27 12:09:00
204,2025-01-27 12:10:00
205,2025-01-27 12:11:00
206,2025-01-27 12:12:00
207,2025-01-27 12:13:00
208,2025-01-27 12:14:00
209,2025-01-27 12:15:00
210,2025-01-27 12:16:00
211,2025-01-27 12:17:00
212,2025-01-27 12:18:00
213,2025-01-27 12:19:00
214,2025-01-27 12:20:00
215,2025-01-27 12:21:00
216,2025-01-27 12:22:00
217,2025-01-27 12:23:00
218,2025-01-27 12:24:00
219,2025-01-27 12:25:00
220,2025-01-27 12:26:00
221,2025-01-27 12:27:00
222,2025-01-27 12:28:00
223,2025-01-27 12:29:00
224,2025-01-27 12:30:00
225,2025-01-27 12:31:00
226,2025-01-27 12:32:00
227,2025-01-27 12:33:00
228,2025-01-27 12:34:00
229,2025-01-27 12:35:00
230,2025-01-27 12:36:00
231,2025-01-27 12:37:00
232,2025-01-27 12:38:00
233,2025-01-27 12:39:00
234,2025-01-27 12:40:00
235,2025-01-27 12:41:00
236,2025-01-27 12:42:00
237,2025-01-27 12:43:00
238,2025-01-27 12:44:00
239,2025-01-27 12:45:00
240,2025-01-27 12:46:00
241,2025-01-27 12:47:00
242,2025-01-27 12:48:00
243,2025-01-27 12:49:00
244,2025-01-27 12:50:00
245,2025-01-27 12:51:00
246,2025-01-27 12:52:00
247,2025-01-27 12:53:00
248,2025-01-27 12:54:00
249,2025-01-27 12:55:00
250,2025-01-27 12:56:00
251,2025-01-27 12:57:00
252,2025-01-27 12:58:00
253,2025-01-27 12:59:00
254,2025-01-27 13:00:00
255,2025-01-27 13:01:00
256,2025-01-27 13:02:00
257,2025-01-27 13:03:00
258,2025-01-27 13:04:00
259,2025-01-27 13:05:00
260,2025-01-27 13:06:00
261,2025-01-27 13:07:00
262,2025-01-27 13:08:00
263,2025-01-27 13:09:00
264,2025-01-27 13:10:00
265,2025-01-27 13:11:00
266,2025-01-27 13:12:00
267,2025-01-27 13:13:00
268,2025-01-27 13:14:00
269,2025-01-27 13:15:00
270,2025-01-27 13:16:00
271,2025-01-27 13:17:00
272,2025-01-27 13:18:00
273,2025-01-27 13:19:00
274,2025-01-27 13:20:00
275,2025-01-27 13:21:00
276,2025-01-27 13:22:00
277,2025-01-27 13:23:00
278,2025-01-27 13:24:00
279,2025-01-27 13:25:00
280,2025-01-27 13:26:00
281,2025-01-27 13:27:00
282,2025-01-27 13:28:00
283,2025-01-27 13:29:00
284,2025-01-27 13:30:00
285,2025-01-27 13:31:00
286,2025-01-27 13:32:00
287,2025-01-27 13:33:00
288,2025-01-27 13:34:00
289,2025-01-27 13:35:00
290,2025-01-27 13:36:00
291,2025-01-27 13:37:00
292,2025-01-27 13:38:00
293,2025-01-27 13:39:00
294,2025-01-27 13:40:00
295,2025-01-27 13:41:00
296,2025-01-27 13:42:00
297,2025-01-27 13:43:00
298,2025-01-27 13:44:00
299,2025-01-27 13:45:00
300,2025-01-27 13:46:00
301,2025-01-27 13:47:00
302,2025-01-27 13:48:00
303,2025-01-27 13:49:00
304,2025-01-27 13:50:00
305,2025-01-27 13:51:00
306,2025-01-27 13:52:00
307,2025-01-27 13:53:00
308,2025-01-27 13:54:00
309,2025-01-27 13:55:00
310,2025-01-27 13:56:00
311,2025-01-27 13:57:00
312,2025-01-27 13:58:00
313,2025-01-27 13:59:00
314,2025-01-27 14:00:00
315,2025-01-27 14:01:00
316,2025-01-27 14:02:00
317,2025-01-27 14:03:00
318,2025-01-27 14:04:00
319,2025-01-27 14:05:00
320,2025-01-27 14:06:00
321,2025-01-27 14:07:00
322,2025-01-27 14:08:00
323,2025-01-27 14:09:00
324,2025-01-27 14:10:00
325,2025-01-27 14:11:00
326,2025-01-27 14:12:00
327,2025-01-27 14:13:00
328,2025-01-27 14:14:00
329,2025-01-27 14:15:00
330,2025-01-27 14:16:00
331,2025-01-27 14:17:00
332,2025-01-27 14:18:00
333,2025-01-27 14:19:00
334,2025-01-27 14:20:00
335,2025-01-27 14:21:00
336,2025-01-27 14:22:00
337,2025-01-27 14:23:00
338,2025-01-27 14:24:00
339,2025-01-27 14:25:00
340,2025-01-27 14:26:00
341,2025-01-27 14:27:00
342,2025-01-27 14:28:00
343,2025-01-27 14:29:00
344,2025-01-27 14:30:00
345,2025-01-27 14:31:00
346,2025-01-27 14:32:00
347,2025-01-27 14:33:00
348,2025-01-27 14:34:00
349,2025-01-27 14:35:00
350,2025-01-27 14:36:00
351,2025-01-27 14:37:00
352,2025-01-27 14:38:00
353,2025-01-27 14:39:00
354,2025-01-27 14:40:00
355,2025-01-27 14:41:00
356,2025-01-27 14:42:00
357,2025-01-27 14:43:00
358,2025-01-27 14:44:00
359,2025-01-27 14:45:00
360,2025-01-27 14:46:00
361,2025-01-27 14:47:00
362,2025-01-27 14:48:00
363,2025-01-27 14:49:00
364,2025-01-27 14:50:00
365,2025-01-27 14:51:00
366,2025-01-27 14:52:00
367,2025-01-27 14:53:00
368,2025-01-27 14:54:00
369,2025-01-27 14:55:00
370,2025-01-27 14:56:00
371,2025-01-27 14:57:00
372,2025-01-27 14:58:00
373,2025-01-27 14:59:00
374,2025-01-27 15:00:00
375,2025-01-27 15:01:00
376,2025-01-27 15:02:00
377,2025-01-27 15:03:00
378,2025-01-27 15:04:00
379,2025-01-27 15:05:00
380,2025-01-27 15:06:00
381,2025-01-27 15:07:00
382,2025-01-27 15:08:00
383,2025-01-27 15:09:00
384,2025-01-27 15:10:00
385,2025-01-27 15:11:00
386,2025-01-27 15:12:00
387,2025-01-27 15:13:00
388,2025-01-27 15:14:00
389,2025-01-27 15:15:00
390,2025-01-27 15:16:00
391,2025-01-27 15:17:00
392,2025-01-27 15:18:00
393,2025-01-27 15:19:00
394,2025-01-27 15:20:00
395,2025-01-27 15:21:00
396,2025-01-27 15:22:00
397,2025-01-27 15:23:00
398,2025-01-27 15:24:00
399,2025-01-27 15:25:00
400,2025-01-27 15:26:00
401,2025-01-27 15:27:00
402,2025-01-27 15:28:00
403,2025-01-27 15:29:00
404,2025-01-27 15:30:00
405,2025-01-27 15:31:00
406,2025-01-27 15:32:00
407,2025-01-27 15:33:00
408,2025-01-27 15:34:00
409,2025-01-27 15:35:00
410,2025-01-27 15:36:00
411,2025-01-27 15:37:00
412,2025-01-27 15:38:00
413,2025-01-27 15:39:00
414,2025-01-27 15:40:00
415,2025-01-27 15:41:00
416,2025-01-27 15:42:00
417,2025-01-27 15:43:00
418,2025-01-27 15:44:00
419,2025-01-27 15:45:00
420,2025-01-27 15:46:00
421,2025-01-27 15:47:00
422,2025-01-27 15:48:00
423,2025-01-27 15:49:00
424,2025-01-27 15:50:00
425,2025-01-27 15:51:00
426,2025-01-27 15:52:00
427,2025-01-27 15:53:00
428,2025-01-27 15:54:00
429,2025-01-27 15:55:00
430,2025-01-27 15:56:00
431,2025-01-27 15:57:00
432,2025-01-27 15:58:00
433,2025-01-27 15:59:00
434,2025-01-27 16:00:00
435,2025-01-27 16:05:00
436,2025-01-27 16:08:00
437,2025-01-27 16:10:00
438,2025-01-27 16:17:00
439,2025-01-27 16:28:00
440,2025-01-27 16:30:00
441,2025-01-27 16:39:00
442,2025-01-27 16:41:00
443,2025-01-27 16:42:00
444,2025-01-27 17:16:00
445,2025-01-27 17:19:00
446,2025-01-27 18:30:00
447,2025-01-27 19:00:00
448,2025-01-28 04:00:00
449,2025-01-28 04:01:00
450,2025-01-28 04:02:00
451,2025-01-28 04:03:00
452,2025-01-28 04:09:00
453,2025-01-28 04:16:00
454,2025-01-28 04:17:00
455,2025-01-28 04:21:00
456,2025-01-28 04:22:00
457,2025-01-28 04:27:00
458,2025-01-28 04:33:00
459,2025-01-28 04:34:00
460,2025-01-28 04:35:00
461,2025-01-28 04:36:00
462,2025-01-28 04:38:00
463,2025-01-28 04:50:00
464,2025-01-28 07:03:00
465,2025-01-28 08:00:00
466,2025-01-28 08:01:00
467,2025-01-28 08:05:00
468,2025-01-28 08:30:00
469,2025-01-28 08:31:00
470,2025-01-28 08:43:00
471,2025-01-28 09:03:00
472,2025-01-28 09:04:00
473,2025-01-28 09:08:00
474,2025-01-28 09:09:00
475,2025-01-28 09:12:00
476,2025-01-28 09:17:00
477,2025-01-28 09:18:00
478,2025-01-28 09:20:00
479,2025-01-28 09:30:00
480,2025-01-28 09:31:00
481,2025-01-28 09:32:00
482,2025-01-28 09:33:00
483,2025-01-28 09:34:00
484,2025-01-28 09:35:00
485,2025-01-28 09:36:00
486,2025-01-28 09:37:00
487,2025-01-28 09:38:00
488,2025-01-28 09:39:00
489,2025-01-28 09:40:00
490,2025-01-28 09:41:00
491,2025-01-28 09:42:00
492,2025-01-28 09:43:00
493,2025-01-28 09:44:00
494,2025-01-28 09:45:00
495,2025-01-28 09:46:00
496,2025-01-28 09:47:00
497,2025-01-28 09:48:00
498,2025-01-28 09:49:00
499,2025-01-28 09:50:00
500,2025-01-28 09:51:00
501,2025-01-28 09:52:00
502,2025-01-28 09:53:00
503,2025-01-28 09:54:00
504,2025-01-28 09:55:00
505,2025-01-28 09:56:00
506,2025-01-28 09:57:00
507,2025-01-28 09:58:00
508,2025-01-28 09:59:00
509,2025-01-28 10:00:00
510,2025-01-28 10:01:00
511,2025-01-28 10:02:00
512,2025-01-28 10:03:00
513,2025-01-28 10:04:00
514,2025-01-28 10:05:00
515,2025-01-28 10:06:00
516,2025-01-28 10:07:00
517,2025-01-28 10:08:00
518,2025-01-28 10:09:00
519,2025-01-28 10:10:00
520,2025-01-28 10:11:00
521,2025-01-28 10:12:00
522,2025-01-28 10:13:00
523,2025-01-28 10:14:00
524,2025-01-28 10:15:00
525,2025-01-28 10:16:00
526,2025-01-28 10:17:00
527,2025-01-28 10:18:00
528,2025-01-28 10:19:00
529,2025-01-28 10:20:00
530,2025-01-28 10:21:00
531,2025-01-28 10:22:00
532,2025-01-28 10:23:00
533,2025-01-28 10:24:00
534,2025-01-28 10:25:00
535,2025-01-28 10:26:00
536,2025-01-28 10:27:00
537,2025-01-28 10:28:00
538,2025-01-28 10:29:00
539,2025-01-28 10:30:00
540,2025-01-28 10:31:00
541,2025-01-28 10:32:00
542,2025-01-28 10:33:00
543,2025-01-28 10:34:00
544,2025-01-28 10:35:00
545,2025-01-28 10:36:00
546,2025-01-28 10:37:00
547,2025-01-28 10:38:00
548,2025-01-28 10:39:00
549,2025-01-28 10:40:00
550,2025-01-28 10:41:00
551,2025-01-28 10:42:00
552,2025-01-28 10:43:00
553,2025-01-28 10:44:00
554,2025-01-28 10:45:00
555,2025-01-28 10:46:00
556,2025-01-28 10:47:00
557,2025-01-28 10:48:00
558,2025-01-28 10:49:00
559,2025-01-28 10:50:00
560,2025-01-28 10:51:00
561,2025-01-28 10:52:00
562,2025-01-28 10:53:00
563,2025-01-28 10:54:00
564,2025-01-28 10:55:00
565,2025-01-28 10:56:00
566,2025-01-28 10:57:00
567,2025-01-28 10:58:00
568,2025-01-28 10:59:00
569,2025-01-28 11:00:00
570,2025-01-28 11:01:00
571,2025-01-28 11:02:00
572,2025-01-28 11:03:00
573,2025-01-28 11:04:00
574,2025-01-28 11:05:00
575,2025-01-28 11:06:00
576,2025-01-28 11:07:00
577,2025-01-28 11:08:00
578,2025-01-28 11:09:00
579,2025-01-28 11:10:00
580,2025-01-28 11:11:00
581,2025-01-28 11:12:00
582,2025-01-28 11:13:00
583,2025-01-28 11:14:00
584,2025-01-28 11:15:00
585,2025-01-28 11:16:00
586,2025-01-28 11:17:00
587,2025-01-28 11:18:00
588,2025-01-28 11:19:00
589,2025-01-28 11:20:00
590,2025-01-28 11:21:00
591,2025-01-28 11:22:00
592,2025-01-28 11:23:00
593,2025-01-28 11:24:00
594,2025-01-28 11:25:00
595,2025-01-28 11:26:00
596,2025-01-28 11:27:00
597,2025-01-28 11:28:00
598,2025-01-28 11:29:00
599,2025-01-28 11:30:00
600,2025-01-28 11:31:00
601,2025-01-28 11:32:00
602,2025-01-28 11:33:00
603,2025-01-28 11:34:00
604,2025-01-28 11:35:00
605,2025-01-28 11:36:00
606,2025-01-28 11:37:00
607,2025-01-28 11:38:00
608,2025-01-28 11:39:00
609,2025-01-28 11:40:00
610,2025-01-28 11:41:00
611,2025-01-28 11:42:00
612,2025-01-28 11:43:00
613,2025-01-28 11:44:00
614,2025-01-28 11:45:00
615,2025-01-28 11:46:00
616,2025-01-28 11:47:00
617,2025-01-28 11:48:00
618,2025-01-28 11:49:00
619,2025-01-28 11:50:00
620,2025-01-28 11:51:00
621,2025-01-28 11:52:00
622,2025-01-28 11:53:00
623,2025-01-28 11:54:00
624,2025-01-28 11:55:00
625,2025-01-28 11:56:00
626,2025-01-28 11:57:00
627,2025-01-28 11:58:00
628,2025-01-28 11:59:00
629,2025-01-28 12:00:00
630,2025-01-28 12:01:00
631,2025-01-28 12:02:00
632,2025-01-28 12:03:00
633,2025-01-28 12:04:00
634,2025-01-28 12:05:00
635,2025-01-28 12:06:00
636,2025-01-28 12:07:00
637,2025-01-28 12:08:00
638,2025-01-28 12:09:00
639,2025-01-28 12:10:00
640,2025-01-28 12:11:00
641,2025-01-28 12:12:00
642,2025-01-28 12:13:00
643,2025-01-28 12:14:00
644,2025-01-28 12:15:00
645,2025-01-28 12:16:00
646,2025-01-28 12:17:00
647,2025-01-28 12:18:00
648,2025-01-28 12:19:00
649,2025-01-28 12:20:00
650,2025-01-28 12:21:00
651,2025-01-28 12:22:00
652,2025-01-28 12:23:00
653,2025-01-28 12:24:00
654,2025-01-28 12:25:00
655,2025-01-28 12:26:00
656,2025-01-28 12:27:00
657,2025-01-28 12:28:00
658,2025-01-28 12:29:00
659,2025-01-28 12:30:00
660,2025-01-28 12:31:00
661,2025-01-28 12:32:00
662,2025-01-28 12:33:00
663,2025-01-28 12:34:00
664,2025-01-28 12:35:00
665,2025-01-28 12:36:00
666,2025-01-28 12:37:00
667,2025-01-28 12:38:00
668,2025-01-28 12:39:00
669,2025-01-28 12:40:00
670,2025-01-28 12:41:00
671,2025-01-28 12:42:00
672,2025-01-28 12:43:00
673,2025-01-28 12:44:00
674,2025-01-28 12:45:00
675,2025-01-28 12:46:00
676,2025-01-28 12:47:00
677,2025-01-28 12:48:00
678,2025-01-28 12:49:00
679,2025-01-28 12:50:00
680,2025-01-28 12:51:00
681,2025-01-28 12:52:00
682,2025-01-28 12:53:00
683,2025-01-28 12:54:00
684,2025-01-28 12:55:00
685,2025-01-28 12:56:00
686,2025-01-28 12:57:00
687,2025-01-28 12:58:00
688,2025-01-28 12:59:00
689,2025-01-28 13:00:00
690,2025-01-28 13:01:00
691,2025-01-28 13:02:00
692,2025-01-28 13:03:00
693,2025-01-28 13:04:00
694,2025-01-28 13:05:00
695,2025-01-28 13:06:00
696,2025-01-28 13:07:00
697,2025-01-28 13:08:00
698,2025-01-28 13:09:00
699,2025-01-28 13:10:00
700,2025-01-28 13:11:00
701,2025-01-28 13:12:00
702,2025-01-28 13:13:00
703,2025-01-28 13:14:00
704,2025-01-28 13:15:00
705,2025-01-28 13:16:00
706,2025-01-28 13:17:00
707,2025-01-28 13:18:00
708,2025-01-28 13:19:00
709,2025-01-28 13:20:00
710,2025-01-28 13:21:00
711,2025-01-28 13:22:00
712,2025-01-28 13:23:00
713,2025-01-28 13:24:00
714,2025-01-28 13:25:00
715,2025-01-28 13:26:00
716,2025-01-28 13:27:00
717,2025-01-28 13:28:00
718,2025-01-28 13:29:00
719,2025-01-28 13:30:00
720,2025-01-28 13:31:00
721,2025-01-28 13:32:00
722,2025-01-28 13:33:00
723,2025-01-28 13:34:00
724,2025-01-28 13:35:00
725,2025-01-28 13:36:00
726,2025-01-28 13:37:00
727,2025-01-28 13:38:00
728,2025-01-28 13:39:00
729,2025-01-28 13:40:00
730,2025-01-28 13:41:00
731,2025-01-28 13:42:00
732,2025-01-28 13:43:00
733,2025-01-28 13:44:00
734,2025-01-28 13:45:00
735,2025-01-28 13:46:00
736,2025-01-28 13:47:00
737,2025-01-28 13:48:00
738,2025-01-28 13:49:00
739,2025-01-28 13:50:00
740,2025-01-28 13:51:00
741,2025-01-28 13:52:00
742,2025-01-28 13:53:00
743,2025-01-28 13:54:00
744,2025-01-28 13:55:00
745,2025-01-28 13:56:00
746,2025-01-28 13:57:00
747,2025-01-28 13:58:00
748,2025-01-28 13:59:00
749,2025-01-28 14:00:00
750,2025-01-28 14:01:00
751,2025-01-28 14:02:00
752,2025-01-28 14:03:00
753,2025-01-28 14:04:00
754,2025-01-28 14:05:00
755,2025-01-28 14:06:00
756,2025-01-28 14:07:00
757,2025-01-28 14:08:00
758,2025-01-28 14:09:00
759,2025-01-28 14:10:00
760,2025-01-28 14:11:00
761,2025-01-28 14:12:00
762,2025-01-28 14:13:00
763,2025-01-28 14:14:00
764,2025-01-28 14:15:00
765,2025-01-28 14:16:00
766,2025-01-28 14:17:00
767,2025-01-28 14:18:00
768,2025-01-28 14:19:00
769,2025-01-28 14:20:00
770,2025-01-28 14:21:00
771,2025-01-28 14:22:00
772,2025-01-28 14:23:00
773,2025-01-28 14:24:00
774,2025-01-28 14:25:00
775,2025-01-28 14:26:00
776,2025-01-28 14:27:00
777,2025-01-28 14:28:00
778,2025-01-28 14:29:00
779,2025-01-28 14:30:00
780,2025-01-28 14:31:00
781,2025-01-28 14:32:00
782,2025-01-28 14:33:00
783,2025-01-28 14:34:00
784,2025-01-28 14:35:00
785,2025-01-28 14:36:00
786,2025-01-28 14:37:00
787,2025-01-28 14:38:00
788,2025-01-28 14:39:00
789,2025-01-28 14:40:00
790,2025-01-28 14:41:00
791,2025-01-28 14:42:00
792,2025-01-28 14:43:00
793,2025-01-28 14:44:00
794,2025-01-28 14:45:00
795,2025-01-28 14:46:00
796,2025-01-28 14:47:00
797,2025-01-28 14:48:00
798,2025-01-28 14:49:00
799,2025-01-28 14:50:00
800,2025-01-28 14:51:00
801,2025-01-28 14:52:00
802,2025-01-28 14:53:00
803,2025-01-28 14:54:00
804,2025-01-28 14:55:00
805,2025-01-28 14:56:00
806,2025-01-28 14:57:00
807,2025-01-28 14:58:00
808,2025-01-28 14:59:00
809,2025-01-28 15:00:00
810,2025-01-28 15:01:00
811,2025-01-28 15:02:00
812,2025-01-28 15:03:00
813,2025-01-28 15:04:00
814,2025-01-28 15:05:00
815,2025-01-28 15:06:00
816,2025-01-28 15:07:00
817,2025-01-28 15:08:00
818,2025-01-28 15:09:00
819,2025-01-28 15:10:00
820,2025-01-28 15:11:00
821,2025-01-28 15:12:00
822,2025-01-28 15:13:00
823,2025-01-28 15:14:00
824,2025-01-28 15:15:00
825,2025-01-28 15:16:00
826,2025-01-28 15:17:00
827,2025-01-28 15:18:00
828,2025-01-28 15:19:00
829,2025-01-28 15:20:00
830,2025-01-28 15:21:00
831,2025-01-28 15:22:00
832,2025-01-28 15:23:00
833,2025-01-28 15:24:00
834,2025-01-28 15:25:00
835,2025-01-28 15:26:00
836,2025-01-28 15:27:00
837,2025-01-28 15:28:00
838,2025-01-28 15:29:00
839,2025-01-28 15:30:00
840,2025-01-28 15:31:00
841,2025-01-28 15:32:00
842,2025-01-28 15:33:00
843,2025-01-28 15:34:00
844,2025-01-28 15:35:00
845,2025-01-28 15:36:00
846,2025-01-28 15:37:00
847,2025-01-28 15:38:00
848,2025-01-28 15:39:00
849,2025-01-28 15:40:00
850,2025-01-28 15:41:00
851,2025-01-28 15:42:00
852,2025-01-28 15:43:00
853,2025-01-28 15:44:00
854,2025-01-28 15:45:00
855,2025-01-28 15:46:00
856,2025-01-28 15:47:00
857,2025-01-28 15:48:00
858,2025-01-28 15:49:00
859,2025-01-28 15:50:00
860,2025-01-28 15:51:00
861,2025-01-28 15:52:00
862,2025-01-28 15:53:00
863,2025-01-28 15:54:00
864,2025-01-28 15:55:00
865,2025-01-28 15:56:00
866,2025-01-28 15:57:00
867,2025-01-28 15:58:00
868,2025-01-28 15:59:00
869,2025-01-28 16:00:00
870,2025-01-28 16:04:00
871,2025-01-28 16:05:00
872,2025-01-28 16:10:00
873,2025-01-28 16:17:00
874,2025-01-28 16:19:00
875,2025-01-28 16:25:00
876,2025-01-28 16:34:00
877,2025-01-28 16:57:00
878,2025-01-28 17:31:00
879,2025-01-28 17:46:00
880,2025-01-28 18:30:00
881,2025-01-28 19:00:00
882,2025-01-28 19:59:00
883,2025-01-29 04:04:00
884,2025-01-29 04:33:00
885,2025-01-29 04:39:00
886,2025-01-29 04:42:00
887,2025-01-29 05:04:00
888,2025-01-29 05:42:00
889,2025-01-29 05:49:00
890,2025-01-29 05:52:00
891,2025-01-29 05:55:00
892,2025-01-29 06:09:00
893,2025-01-29 06:15:00
894,2025-01-29 06:16:00
895,2025-01-29 06:18:00
896,2025-01-29 06:21:00
897,2025-01-29 06:26:00
898,2025-01-29 06:27:00
899,2025-01-29 07:05:00
900,2025-01-29 07:07:00
901,2025-01-29 07:39:00
902,2025-01-29 07:45:00
903,2025-01-29 07:48:00
904,2025-01-29 07:52:00
905,2025-01-29 08:00:00
906,2025-01-29 08:05:00
907,2025-01-29 08:16:00
908,2025-01-29 08:22:00
909,2025-01-29 08:24:00
910,2025-01-29 08:34:00
911,2025-01-29 08:35:00
912,2025-01-29 08:50:00
913,2025-01-29 08:51:00
914,2025-01-29 08:52:00
915,2025-01-29 08:58:00
916,2025-01-29 09:03:00
917,2025-01-29 09:06:00
918,2025-01-29 09:12:00
919,2025-01-29 09:17:00
920,2025-01-29 09:22:00
921,2025-01-29 09:24:00
922,2025-01-29 09:29:00
923,2025-01-29 09:30:00
924,2025-01-29 09:31:00
925,2025-01-29 09:32:00
926,2025-01-29 09:33:00
927,2025-01-29 09:34:00
928,2025-01-29 09:35:00
929,2025-01-29 09:36:00
930,2025-01-29 09:37:00
931,2025-01-29 09:38:00
932,2025-01-29 09:39:00
933,2025-01-29 09:40:00
934,2025-01-29 09:41:00
935,2025-01-29 09:42:00
936,2025-01-29 09:43:00
937,2025-01-29 09:44:00
938,2025-01-29 09:45:00
939,2025-01-29 09:46:00
940,2025-01-29 09:47:00
941,2025-01-29 09:48:00
942,2025-01-29 09:49:00
943,2025-01-29 09:50:00
944,2025-01-29 09:51:00
945,2025-01-29 09:52:00
946,2025-01-29 09:53:00
947,2025-01-29 09:54:00
948,2025-01-29 09:55:00
949,2025-01-29 09:56:00
950,2025-01-29 09:57:00
951,2025-01-29 09:58:00
952,2025-01-29 09:59:00
953,2025-01-29 10:00:00
954,2025-01-29 10:01:00
955,2025-01-29 10:02:00
956,2025-01-29 10:03:00
957,2025-01-29 10:04:00
958,2025-01-29 10:05:00
959,2025-01-29 10:06:00
960,2025-01-29 10:07:00
961,2025-01-29 10:08:00
962,2025-01-29 10:09:00
963,2025-01-29 10:10:00
964,2025-01-29 10:11:00
965,2025-01-29 10:12:00
966,2025-01-29 10:13:00
967,2025-01-29 10:14:00
968,2025-01-29 10:15:00
969,2025-01-29 10:16:00
970,2025-01-29 10:17:00
971,2025-01-29 10:18:00
972,2025-01-29 10:19:00
973,2025-01-29 10:20:00
974,2025-01-29 10:21:00
975,2025-01-29 10:22:00
976,2025-01-29 10:23:00
977,2025-01-29 10:24:00
978,2025-01-29 10:25:00
979,2025-01-29 10:26:00
980,2025-01-29 10:27:00
981,2025-01-29 10:28:00
982,2025-01-29 10:29:00
983,2025-01-29 10:30:00
984,2025-01-29 10:31:00
985,2025-01-29 10:32:00
986,2025-01-29 10:33:00
987,2025-01-29 10:34:00
988,2025-01-29 10:36:00
989,2025-01-29 10:37:00
990,2025-01-29 10:38:00
991,2025-01-29 10:39:00
992,2025-01-29 10:40:00
993,2025-01-29 10:41:00
994,2025-01-29 10:42:00
995,2025-01-29 10:43:00
996,2025-01-29 10:44:00
997,2025-01-29 10:45:00
998,2025-01-29 10:46:00
999,2025-01-29 10:47:00
1000,2025-01-29 10:48:00
1001,2025-01-29 10:49:00
1002,2025-01-29 10:50:00
1003,2025-01-29 10:51:00
1004,2025-01-29 10:52:00
1005,2025-01-29 10:53:00
1006,2025-01-29 10:54:00
1007,2025-01-29 10:55:00
1008,2025-01-29 10:56:00
1009,2025-01-29 10:57:00
1010,2025-01-29 10:58:00
1011,2025-01-29 10:59:00
1012,2025-01-29 11:00:00
1013,2025-01-29 11:01:00
1014,2025-01-29 11:02:00
1015,2025-01-29 11:03:00
1016,2025-01-29 11:04:00
1017,2025-01-29 11:05:00
1018,2025-01-29 11:06:00
1019,2025-01-29 11:07:00
1020,2025-01-29 11:08:00
1021,2025-01-29 11:09:00
1022,2025-01-29 11:10:00
1023,2025-01-29 11:11:00
1024,2025-01-29 11:12:00
1025,2025-01-29 11:13:00
1026,2025-01-29 11:14:00
1027,2025-01-29 11:15:00
1028,2025-01-29 11:16:00
1029,2025-01-29 11:17:00
1030,2025-01-29 11:18:00
1031,2025-01-29 11:19:00
1032,2025-01-29 11:20:00
1033,2025-01-29 11:21:00
1034,2025-01-29 11:22:00
1035,2025-01-29 11:23:00
1036,2025-01-29 11:24:00
1037,2025-01-29 11:25:00
1038,2025-01-29 11:26:00
1039,2025-01-29 11:27:00
1040,2025-01-29 11:28:00
1041,2025-01-29 11:29:00
1042,2025-01-29 11:30:00
1043,2025-01-29 11:31:00
1044,2025-01-29 11:32:00
1045,2025-01-29 11:33:00
1046,2025-01-29 11:34:00
1047,2025-01-29 11:35:00
1048,2025-01-29 11:36:00
1049,2025-01-29 11:37:00
1050,2025-01-29 11:38:00
1051,2025-01-29 11:39:00
1052,2025-01-29 11:40:00
1053,2025-01-29 11:41:00
1054,2025-01-29 11:42:00
1055,2025-01-29 11:43:00
1056,2025-01-29 11:44:00
1057,2025-01-29 11:45:00
1058,2025-01-29 11:46:00
1059,2025-01-29 11:47:00
1060,2025-01-29 11:48:00
1061,2025-01-29 11:49:00
1062,2025-01-29 11:50:00
1063,2025-01-29 11:51:00
1064,2025-01-29 11:52:00
1065,2025-01-29 11:53:00
1066,2025-01-29 11:54:00
1067,2025-01-29 11:55:00
1068,2025-01-29 11:56:00
1069,2025-01-29 11:57:00
1070,2025-01-29 11:58:00
1071,2025-01-29 11:59:00
1072,2025-01-29 12:00:00
1073,2025-01-29 12:01:00
1074,2025-01-29 12:02:00
1075,2025-01-29 12:03:00
1076,2025-01-29 12:04:00
1077,2025-01-29 12:05:00
1078,2025-01-29 12:06:00
1079,2025-01-29 12:07:00
1080,2025-01-29 12:08:00
1081,2025-01-29 12:09:00
1082,2025-01-29 12:10:00
1083,2025-01-29 12:11:00
1084,2025-01-29 12:12:00
1085,2025-01-29 12:13:00
1086,2025-01-29 12:14:00
1087,2025-01-29 12:15:00
1088,2025-01-29 12:16:00
1089,2025-01-29 12:17:00
1090,2025-01-29 12:18:00
1091,2025-01-29 12:19:00
1092,2025-01-29 12:20:00
1093,2025-01-29 12:21:00
1094,2025-01-29 12:22:00
1095,2025-01-29 12:23:00
1096,2025-01-29 12:24:00
1097,2025-01-29 12:25:00
1098,2025-01-29 12:26:00
1099,2025-01-29 12:27:00
1100,2025-01-29 12:28:00
1101,2025-01-29 12:29:00
1102,2025-01-29 12:30:00
1103,2025-01-29 12:31:00
1104,2025-01-29 12:32:00
1105,2025-01-29 12:33:00
1106,2025-01-29 12:34:00
1107,2025-01-29 12:35:00
1108,2025-01-29 12:36:00
1109,2025-01-29 12:37:00
1110,2025-01-29 12:38:00
1111,2025-01-29 12:39:00
1112,2025-01-29 12:40:00
1113,2025-01-29 12:41:00
1114,2025-01-29 12:42:00
1115,2025-01-29 12:43:00
1116,2025-01-29 12:44:00
1117,2025-01-29 12:45:00
1118,2025-01-29 12:46:00
1119,2025-01-29 12:47:00
1120,2025-01-29 12:48:00
1121,2025-01-29 12:49:00
1122,2025-01-29 12:50:00
1123,2025-01-29 12:51:00
1124,2025-01-29 12:52:00
1125,2025-01-29 12:53:00
1126,2025-01-29 12:54:00
1127,2025-01-29 12:55:00
1128,2025-01-29 12:56:00
1129,2025-01-29 12:57:00
1130,2025-01-29 12:58:00
1131,2025-01-29 12:59:00
1132,2025-01-29 13:00:00
1133,2025-01-29 13:01:00
1134,2025-01-29 13:02:00
1135,2025-01-29 13:03:00
1136,2025-01-29 13:04:00
1137,2025-01-29 13:05:00
1138,2025-01-29 13:06:00
1139,2025-01-29 13:07:00
1140,2025-01-29 13:08:00
1141,2025-01-29 13:09:00
1142,2025-01-29 13:10:00
1143,2025-01-29 13:11:00
1144,2025-01-29 13:12:00
1145,2025-01-29 13:13:00
1146,2025-01-29 13:14:00
1147,2025-01-29 13:15:00
1148,2025-01-29 13:16:00
1149,2025-01-29 13:17:00
1150,2025-01-29 13:18:00
1151,2025-01-29 13:19:00
1152,2025-01-29 13:20:00
1153,2025-01-29 13:21:00
1154,2025-01-29 13:22:00
1155,2025-01-29 13:23:00
1156,2025-01-29 13:24:00
1157,2025-01-29 13:25:00
1158,2025-01-29 13:26:00
1159,2025-01-29 13:27:00
1160,2025-01-29 13:28:00
1161,2025-01-29 13:29:00
1162,2025-01-29 13:30:00
1163,2025-01-29 13:31:00
1164,2025-01-29 13:32:00
1165,2025-01-29 13:33:00
1166,2025-01-29 13:34:00
1167,2025-01-29 13:35:00
1168,2025-01-29 13:36:00
1169,2025-01-29 13:37:00
1170,2025-01-29 13:38:00
1171,2025-01-29 13:39:00
1172,2025-01-29 13:40:00
1173,2025-01-29 13:41:00
1174,2025-01-29 13:42:00
1175,2025-01-29 13:43:00
1176,2025-01-29 13:44:00
1177,2025-01-29 13:45:00
1178,2025-01-29 13:46:00
1179,2025-01-29 13:47:00
1180,2025-01-29 13:48:00
1181,2025-01-29 13:49:00
1182,2025-01-29 13:50:00
1183,2025-01-29 13:51:00
1184,2025-01-29 13:52:00
1185,2025-01-29 13:53:00
1186,2025-01-29 13:54:00
1187,2025-01-29 13:55:00
1188,2025-01-29 13:56:00
1189,2025-01-29 13:57:00
1190,2025-01-29 13:58:00
1191,2025-01-29 13:59:00
1192,2025-01-29 14:00:00
1193,2025-01-29 14:01:00
1194,2025-01-29 14:02:00
1195,2025-01-29 14:03:00
1196,2025-01-29 14:04:00
1197,2025-01-29 14:05:00
1198,2025-01-29 14:06:00
1199,2025-01-29 14:07:00
1200,2025-01-29 14:08:00
1201,2025-01-29 14:09:00
1202,2025-01-29 14:10:00
1203,2025-01-29 14:11:00
1204,2025-01-29 14:12:00
1205,2025-01-29 14:13:00
1206,2025-01-29 14:14:00
1207,2025-01-29 14:15:00
1208,2025-01-29 14:16:00
1209,2025-01-29 14:17:00
1210,2025-01-29 14:18:00
1211,2025-01-29 14:19:00
1212,2025-01-29 14:20:00
1213,2025-01-29 14:21:00
1214,2025-01-29 14:22:00
1215,2025-01-29 14:23:00
1216,2025-01-29 14:24:00
1217,2025-01-29 14:25:00
1218,2025-01-29 14:26:00
1219,2025-01-29 14:27:00
1220,2025-01-29 14:28:00
1221,2025-01-29 14:29:00
1222,2025-01-29 14:30:00
1223,2025-01-29 14:31:00
1224,2025-01-29 14:32:00
1225,2025-01-29 14:33:00
1226,2025-01-29 14:34:00
1227,2025-01-29 14:35:00
1228,2025-01-29 14:36:00
1229,2025-01-29 14:37:00
1230,2025-01-29 14:38:00
1231,2025-01-29 14:39:00
1232,2025-01-29 14:40:00
1233,2025-01-29 14:41:00
1234,2025-01-29 14:42:00
1235,2025-01-29 14:43:00
1236,2025-01-29 14:44:00
1237,2025-01-29 14:45:00
1238,2025-01-29 14:46:00
1239,2025-01-29 14:47:00
1240,2025-01-29 14:48:00
1241,2025-01-29 14:49:00
1242,2025-01-29 14:50:00
1243,2025-01-29 14:51:00
1244,2025-01-29 14:52:00
1245,2025-01-29 14:53:00
1246,2025-01-29 14:54:00
1247,2025-01-29 14:55:00
1248,2025-01-29 14:56:00
1249,2025-01-29 14:57:00
1250,2025-01-29 14:58:00
1251,2025-01-29 14:59:00
1252,2025-01-29 15:00:00
1253,2025-01-29 15:01:00
1254,2025-01-29 15:02:00
1255,2025-01-29 15:03:00
1256,2025-01-29 15:04:00
1257,2025-01-29 15:05:00
1258,2025-01-29 15:06:00
1259,2025-01-29 15:07:00
1260,2025-01-29 15:08:00
1261,2025-01-29 15:09:00
1262,2025-01-29 15:10:00
1263,2025-01-29 15:11:00
1264,2025-01-29 15:12:00
1265,2025-01-29 15:13:00
1266,2025-01-29 15:14:00
1267,2025-01-29 15:15:00
1268,2025-01-29 15:16:00
1269,2025-01-29 15:17:00
1270,2025-01-29 15:18:00
1271,2025-01-29 15:19:00
1272,2025-01-29 15:20:00
1273,2025-01-29 15:21:00
1274,2025-01-29 15:22:00
1275,2025-01-29 15:23:00
1276,2025-01-29 15:24:00
1277,2025-01-29 15:25:00
1278,2025-01-29 15:26:00
1279,2025-01-29 15:27:00
1280,2025-01-29 15:28:00
1281,2025-01-29 15:29:00
1282,2025-01-29 15:30:00
1283,2025-01-29 15:31:00
1284,2025-01-29 15:32:00
1285,2025-01-29 15:33:00
1286,2025-01-29 15:34:00
1287,2025-01-29 15:35:00
1288,2025-01-29 15:36:00
1289,2025-01-29 15:37:00
1290,2025-01-29 15:38:00
1291,2025-01-29 15:39:00
1292,2025-01-29 15:40:00
1293,2025-01-29 15:41:00
1294,2025-01-29 15:42:00
1295,2025-01-29 15:43:00
1296,2025-01-29 15:44:00
1297,2025-01-29 15:45:00
1298,2025-01-29 15:46:00
1299,2025-01-29 15:47:00
1300,2025-01-29 15:48:00
1301,2025-01-29 15:49:00
1302,2025-01-29 15:50:00
1303,2025-01-29 15:51:00
1304,2025-01-29 15:52:00
1305,2025-01-29 15:53:00
1306,2025-01-29 15:54:00
1307,2025-01-29 15:55:00
1308,2025-01-29 15:56:00
1309,2025-01-29 15:57:00
1310,2025-01-29 15:58:00
1311,2025-01-29 15:59:00
1312,2025-01-29 16:00:00
1313,2025-01-29 16:05:00
1314,2025-01-29 16:10:00
1315,2025-01-29 16:13:00
1316,2025-01-29 16:20:00
1317,2025-01-29 16:22:00
1318,2025-01-29 16:23:00
1319,2025-01-29 16:29:00
1320,2025-01-29 16:32:00
1321,2025-01-29 18:03:00
1322,2025-01-29 18:30:00
1323,2025-01-29 19:00:00
1324,2025-01-29 19:47:00
1325,2025-01-30 04:00:00
1326,2025-01-30 04:09:00
1327,2025-01-30 04:17:00
1328,2025-01-30 04:22:00
1329,2025-01-30 04:40:00
1330,2025-01-30 04:41:00
1331,2025-01-30 04:49:00
1332,2025-01-30 04:57:00
1333,2025-01-30 05:20:00
1334,2025-01-30 07:16:00
1335,2025-01-30 07:33:00
1336,2025-01-30 07:57:00
1337,2025-01-30 08:00:00
1338,2025-01-30 08:02:00
1339,2025-01-30 08:22:00
1340,2025-01-30 08:28:00
1341,2025-01-30 08:51:00
1342,2025-01-30 08:53:00
1343,2025-01-30 08:54:00
1344,2025-01-30 09:01:00
1345,2025-01-30 09:16:00
1346,2025-01-30 09:23:00
1347,2025-01-30 09:29:00
1348,2025-01-30 09:30:00
1349,2025-01-30 09:31:00
1350,2025-01-30 09:32:00
1351,2025-01-30 09:33:00
1352,2025-01-30 09:34:00
1353,2025-01-30 09:35:00
1354,2025-01-30 09:36:00
1355,2025-01-30 09:37:00
1356,2025-01-30 09:38:00
1357,2025-01-30 09:39:00
1358,2025-01-30 09:40:00
1359,2025-01-30 09:41:00
1360,2025-01-30 09:42:00
1361,2025-01-30 09:43:00
1362,2025-01-30 09:44:00
1363,2025-01-30 09:45:00
1364,2025-01-30 09:46:00
1365,2025-01-30 09:47:00
1366,2025-01-30 09:48:00
1367,2025-01-30 09:49:00
1368,2025-01-30 09:50:00
1369,2025-01-30 09:51:00
1370,2025-01-30 09:52:00
1371,2025-01-30 09:53:00
1372,2025-01-30 09:54:00
1373,2025-01-30 09:55:00
1374,2025-01-30 09:56:00
1375,2025-01-30 09:57:00
1376,2025-01-30 09:58:00
1377,2025-01-30 09:59:00
1378,2025-01-30 10:00:00
1379,2025-01-30 10:01:00
1380,2025-01-30 10:02:00
1381,2025-01-30 10:03:00
1382,2025-01-30 10:04:00
1383,2025-01-30 10:05:00
1384,2025-01-30 10:06:00
1385,2025-01-30 10:07:00
1386,2025-01-30 10:08:00
1387,2025-01-30 10:09:00
1388,2025-01-30 10:10:00
1389,2025-01-30 10:11:00
1390,2025-01-30 10:12:00
1391,2025-01-30 10:13:00
1392,2025-01-30 10:14:00
1393,2025-01-30 10:15:00
1394,2025-01-30 10:16:00
1395,2025-01-30 10:17:00
1396,2025-01-30 10:18:00
1397,2025-01-30 10:19:00
1398,2025-01-30 10:20:00
1399,2025-01-30 10:21:00
1400,2025-01-30 10:22:00
1401,2025-01-30 10:23:00
1402,2025-01-30 10:24:00
1403,2025-01-30 10:25:00
1404,2025-01-30 10:26:00
1405,2025-01-30 10:27:00
1406,2025-01-30 10:28:00
1407,2025-01-30 10:29:00
1408,2025-01-30 10:30:00
1409,2025-01-30 10:31:00
1410,2025-01-30 10:32:00
1411,2025-01-30 10:33:00
1412,2025-01-30 10:34:00
1413,2025-01-30 10:35:00
1414,2025-01-30 10:36:00
1415,2025-01-30 10:37:00
1416,2025-01-30 10:38:00
1417,2025-01-30 10:39:00
1418,2025-01-30 10:40:00
1419,2025-01-30 10:41:00
1420,2025-01-30 10:42:00
1421,2025-01-30 10:43:00
1422,2025-01-30 10:44:00
1423,2025-01-30 10:45:00
1424,2025-01-30 10:46:00
1425,2025-01-30 10:47:00
1426,2025-01-30 10:48:00
1427,2025-01-30 10:49:00
1428,2025-01-30 10:50:00
1429,2025-01-30 10:51:00
1430,2025-01-30 10:52:00
1431,2025-01-30 10:53:00
1432,2025-01-30 10:54:00
1433,2025-01-30 10:55:00
1434,2025-01-30 10:56:00
1435,2025-01-30 10:57:00
1436,2025-01-30 10:58:00
1437,2025-01-30 10:59:00
1438,2025-01-30 11:00:00
1439,2025-01-30 11:01:00
1440,2025-01-30 11:02:00
1441,2025-01-30 11:03:00
1442,2025-01-30 11:04:00
1443,2025-01-30 11:05:00
1444,2025-01-30 11:06:00
1445,2025-01-30 11:07:00
1446,2025-01-30 11:08:00
1447,2025-01-30 11:09:00
1448,2025-01-30 11:10:00
1449,2025-01-30 11:11:00
1450,2025-01-30 11:12:00
1451,2025-01-30 11:13:00
1452,2025-01-30 11:14:00
1453,2025-01-30 11:15:00
1454,2025-01-30 11:16:00
1455,2025-01-30 11:17:00
1456,2025-01-30 11:18:00
1457,2025-01-30 11:19:00
1458,2025-01-30 11:20:00
1459,2025-01-30 11:21:00
1460,2025-01-30 11:22:00
1461,2025-01-30 11:23:00
1462,2025-01-30 11:24:00
1463,2025-01-30 11:25:00
1464,2025-01-30 11:26:00
1465,2025-01-30 11:27:00
1466,2025-01-30 11:28:00
1467,2025-01-30 11:29:00
1468,2025-01-30 11:30:00
1469,2025-01-30 11:31:00
1470,2025-01-30 11:32:00
1471,2025-01-30 11:33:00
1472,2025-01-30 11:34:00
1473,2025-01-30 11:35:00
1474,2025-01-30 11:36:00
1475,2025-01-30 11:37:00
1476,2025-01-30 11:38:00
1477,2025-01-30 11:39:00
1478,2025-01-30 11:40:00
1479,2025-01-30 11:41:00
1480,2025-01-30 11:42:00
1481,2025-01-30 11:43:00
1482,2025-01-30 11:44:00
1483,2025-01-30 11:45:00
1484,2025-01-30 11:46:00
1485,2025-01-30 11:47:00
1486,2025-01-30 11:48:00
1487,2025-01-30 11:49:00
1488,2025-01-30 11:50:00
1489,2025-01-30 11:51:00
1490,2025-01-30 11:52:00
1491,2025-01-30 11:53:00
1492,2025-01-30 11:54:00
1493,2025-01-30 11:55:00
1494,2025-01-30 11:56:00
1495,2025-01-30 11:57:00
1496,2025-01-30 11:58:00
1497,2025-01-30 11:59:00
1498,2025-01-30 12:00:00
1499,2025-01-30 12:01:00
1500,2025-01-30 12:02:00
1501,2025-01-30 12:03:00
1502,2025-01-30 12:04:00
1503,2025-01-30 12:05:00
1504,2025-01-30 12:06:00
1505,2025-01-30 12:07:00
1506,2025-01-30 12:08:00
1507,2025-01-30 12:09:00
1508,2025-01-30 12:10:00
1509,2025-01-30 12:11:00
1510,2025-01-30 12:12:00
1511,2025-01-30 12:13:00
1512,2025-01-30 12:14:00
1513,2025-01-30 12:16:00
1514,2025-01-30 12:17:00
1515,2025-01-30 12:18:00
1516,2025-01-30 12:19:00
1517,2025-01-30 12:20:00
1518,2025-01-30 12:21:00
1519,2025-01-30 12:22:00
1520,2025-01-30 12:23:00
1521,2025-01-30 12:24:00
1522,2025-01-30 12:25:00
1523,2025-01-30 12:26:00
1524,2025-01-30 12:27:00
1525,2025-01-30 12:28:00
1526,2025-01-30 12:29:00
1527,2025-01-30 12:30:00
1528,2025-01-30 12:31:00
1529,2025-01-30 12:32:00
1530,2025-01-30 12:33:00
1531,2025-01-30 12:34:00
1532,2025-01-30 12:35:00
1533,2025-01-30 12:36:00
1534,2025-01-30 12:37:00
1535,2025-01-30 12:38:00
1536,2025-01-30 12:39:00
1537,2025-01-30 12:40:00
1538,2025-01-30 12:41:00
1539,2025-01-30 12:42:00
1540,2025-01-30 12:43:00
1541,2025-01-30 12:44:00
1542,2025-01-30 12:45:00
1543,2025-01-30 12:46:00
1544,2025-01-30 12:47:00
1545,2025-01-30 12:48:00
1546,2025-01-30 12:49:00
1547,2025-01-30 12:50:00
1548,2025-01-30 12:51:00
1549,2025-01-30 12:52:00
1550,2025-01-30 12:53:00
1551,2025-01-30 12:54:00
1552,2025-01-30 12:55:00
1553,2025-01-30 12:56:00
1554,2025-01-30 12:57:00
1555,2025-01-30 12:58:00
1556,2025-01-30 12:59:00
1557,2025-01-30 13:00:00
1558,2025-01-30 13:01:00
1559,2025-01-30 13:02:00
1560,2025-01-30 13:03:00
1561,2025-01-30 13:04:00
1562,2025-01-30 13:05:00
1563,2025-01-30 13:06:00
1564,2025-01-30 13:07:00
1565,2025-01-30 13:08:00
1566,2025-01-30 13:09:00
1567,2025-01-30 13:10:00
1568,2025-01-30 13:11:00
1569,2025-01-30 13:12:00
1570,2025-01-30 13:13:00
1571,2025-01-30 13:14:00
1572,2025-01-30 13:15:00
1573,2025-01-30 13:16:00
1574,2025-01-30 13:17:00
1575,2025-01-30 13:18:00
1576,2025-01-30 13:19:00
1577,2025-01-30 13:20:00
1578,2025-01-30 13:21:00
1579,2025-01-30 13:22:00
1580,2025-01-30 13:23:00
1581,2025-01-30 13:24:00
1582,2025-01-30 13:25:00
1583,2025-01-30 13:26:00
1584,2025-01-30 13:27:00
1585,2025-01-30 13:28:00
1586,2025-01-30 13:29:00
1587,2025-01-30 13:30:00
1588,2025-01-30 13:31:00
1589,2025-01-30 13:32:00
1590,2025-01-30 13:33:00
1591,2025-01-30 13:34:00
1592,2025-01-30 13:35:00
1593,2025-01-30 13:36:00
1594,2025-01-30 13:37:00
1595,2025-01-30 13:38:00
1596,2025-01-30 13:39:00
1597,2025-01-30 13:40:00
1598,2025-01-30 13:41:00
1599,2025-01-30 13:42:00
1600,2025-01-30 13:43:00
1601,2025-01-30 13:44:00
1602,2025-01-30 13:45:00
1603,2025-01-30 13:46:00
1604,2025-01-30 13:47:00
1605,2025-01-30 13:48:00
1606,2025-01-30 13:49:00
1607,2025-01-30 13:50:00
1608,2025-01-30 13:51:00
1609,2025-01-30 13:52:00
1610,2025-01-30 13:53:00
1611,2025-01-30 13:54:00
1612,2025-01-30 13:55:00
1613,2025-01-30 13:56:00
1614,2025-01-30 13:57:00
1615,2025-01-30 13:58:00
1616,2025-01-30 13:59:00
1617,2025-01-30 14:00:00
1618,2025-01-30 14:01:00
1619,2025-01-30 14:02:00
1620,2025-01-30 14:03:00
1621,2025-01-30 14:04:00
1622,2025-01-30 14:05:00
1623,2025-01-30 14:06:00
1624,2025-01-30 14:07:00
1625,2025-01-30 14:08:00
1626,2025-01-30 14:09:00
1627,2025-01-30 14:10:00
1628,2025-01-30 14:11:00
1629,2025-01-30 14:12:00
1630,2025-01-30 14:13:00
1631,2025-01-30 14:14:00
1632,2025-01-30 14:15:00
1633,2025-01-30 14:16:00
1634,2025-01-30 14:17:00
1635,2025-01-30 14:18:00
1636,2025-01-30 14:19:00
1637,2025-01-30 14:20:00
1638,2025-01-30 14:21:00
1639,2025-01-30 14:22:00
1640,2025-01-30 14:23:00
1641,2025-01-30 14:24:00
1642,2025-01-30 14:25:00
1643,2025-01-30 14:26:00
1644,2025-01-30 14:27:00
1645,2025-01-30 14:28:00
1646,2025-01-30 14:29:00
1647,2025-01-30 14:30:00
1648,2025-01-30 14:31:00
1649,2025-01-30 14:32:00
1650,2025-01-30 14:33:00
1651,2025-01-30 14:34:00
1652,2025-01-30 14:35:00
1653,2025-01-30 14:36:00
1654,2025-01-30 14:37:00
1655,2025-01-30 14:38:00
1656,2025-01-30 14:39:00
1657,2025-01-30 14:40:00
1658,2025-01-30 14:41:00
1659,2025-01-30 14:42:00
1660,2025-01-30 14:43:00
1661,2025-01-30 14:44:00
1662,2025-01-30 14:45:00
1663,2025-01-30 14:46:00
1664,2025-01-30 14:47:00
1665,2025-01-30 14:48:00
1666,2025-01-30 14:49:00
1667,2025-01-30 14:50:00
1668,2025-01-30 14:51:00
1669,2025-01-30 14:52:00
1670,2025-01-30 14:53:00
1671,2025-01-30 14:54:00
1672,2025-01-30 14:55:00
1673,2025-01-30 14:56:00
1674,2025-01-30 14:57:00
1675,2025-01-30 14:58:00
1676,2025-01-30 14:59:00
1677,2025-01-30 15:00:00
1678,2025-01-30 15:01:00
1679,2025-01-30 15:02:00
1680,2025-01-30 15:03:00
1681,2025-01-30 15:04:00
1682,2025-01-30 15:05:00
1683,2025-01-30 15:06:00
1684,2025-01-30 15:07:00
1685,2025-01-30 15:08:00
1686,2025-01-30 15:09:00
1687,2025-01-30 15:10:00
1688,2025-01-30 15:11:00
1689,2025-01-30 15:12:00
1690,2025-01-30 15:13:00
1691,2025-01-30 15:14:00
1692,2025-01-30 15:15:00
1693,2025-01-30 15:16:00
1694,2025-01-30 15:17:00
1695,2025-01-30 15:18:00
1696,2025-01-30 15:19:00
1697,2025-01-30 15:20:00
1698,2025-01-30 15:21:00
1699,2025-01-30 15:22:00
1700,2025-01-30 15:23:00
1701,2025-01-30 15:24:00
1702,2025-01-30 15:25:00
1703,2025-01-30 15:26:00
1704,2025-01-30 15:27:00
1705,2025-01-30 15:28:00
1706,2025-01-30 15:29:00
1707,2025-01-30 15:30:00
1708,2025-01-30 15:31:00
1709,2025-01-30 15:32:00
1710,2025-01-30 15:33:00
1711,2025-01-30 15:34:00
1712,2025-01-30 15:35:00
1713,2025-01-30 15:36:00
1714,2025-01-30 15:37:00
1715,2025-01-30 15:38:00
1716,2025-01-30 15:39:00
1717,2025-01-30 15:40:00
1718,2025-01-30 15:41:00
1719,2025-01-30 15:42:00
1720,2025-01-30 15:43:00
1721,2025-01-30 15:44:00
1722,2025-01-30 15:45:00
1723,2025-01-30 15:46:00
1724,2025-01-30 15:47:00
1725,2025-01-30 15:48:00
1726,2025-01-30 15:49:00
1727,2025-01-30 15:50:00
1728,2025-01-30 15:51:00
1729,2025-01-30 15:52:00
1730,2025-01-30 15:53:00
1731,2025-01-30 15:54:00
1732,2025-01-30 15:55:00
1733,2025-01-30 15:56:00
1734,2025-01-30 15:57:00
1735,2025-01-30 15:58:00
1736,2025-01-30 15:59:00
1737,2025-01-30 16:00:00
1738,2025-01-30 16:01:00
1739,2025-01-30 16:03:00
1740,2025-01-30 16:05:00
1741,2025-01-30 16:10:00
1742,2025-01-30 16:16:00
1743,2025-01-30 16:21:00
1744,2025-01-30 16:41:00
1745,2025-01-30 16:53:00
1746,2025-01-30 17:00:00
1747,2025-01-30 17:03:00
1748,2025-01-30 17:40:00
1749,2025-01-30 18:30:00
1750,2025-01-30 19:00:00
1751,2025-01-31 04:00:00
1752,2025-01-31 04:04:00
1753,2025-01-31 05:34:00
1754,2025-01-31 07:31:00
1755,2025-01-31 08:00:00
1756,2025-01-31 08:02:00
1757,2025-01-31 08:27:00
1758,2025-01-31 09:06:00
1759,2025-01-31 09:10:00
1760,2025-01-31 09:11:00
1761,2025-01-31 09:12:00
1762,2025-01-31 09:30:00
1763,2025-01-31 09:31:00
1764,2025-01-31 09:32:00
1765,2025-01-31 09:33:00
1766,2025-01-31 09:34:00
1767,2025-01-31 09:35:00
1768,2025-01-31 09:36:00
1769,2025-01-31 09:37:00
1770,2025-01-31 09:38:00
1771,2025-01-31 09:39:00
1772,2025-01-31 09:40:00
1773,2025-01-31 09:41:00
1774,2025-01-31 09:42:00
1775,2025-01-31 09:43:00
1776,2025-01-31 09:44:00
1777,2025-01-31 09:45:00
1778,2025-01-31 09:46:00
1779,2025-01-31 09:47:00
1780,2025-01-31 09:48:00
1781,2025-01-31 09:49:00
1782,2025-01-31 09:51:00
1783,2025-01-31 09:52:00
1784,2025-01-31 09:53:00
1785,2025-01-31 09:54:00
1786,2025-01-31 09:55:00
1787,2025-01-31 09:56:00
1788,2025-01-31 09:57:00
1789,2025-01-31 09:58:00
1790,2025-01-31 09:59:00
1791,2025-01-31 10:00:00
1792,2025-01-31 10:01:00
1793,2025-01-31 10:02:00
1794,2025-01-31 10:03:00
1795,2025-01-31 10:04:00
1796,2025-01-31 10:05:00
1797,2025-01-31 10:06:00
1798,2025-01-31 10:07:00
1799,2025-01-31 10:08:00
1800,2025-01-31 10:09:00
1801,2025-01-31 10:10:00
1802,2025-01-31 10:11:00
1803,2025-01-31 10:12:00
1804,2025-01-31 10:13:00
1805,2025-01-31 10:14:00
1806,2025-01-31 10:15:00
1807,2025-01-31 10:16:00
1808,2025-01-31 10:17:00
1809,2025-01-31 10:18:00
1810,2025-01-31 10:19:00
1811,2025-01-31 10:20:00
1812,2025-01-31 10:21:00
1813,2025-01-31 10:22:00
1814,2025-01-31 10:23:00
1815,2025-01-31 10:24:00
1816,2025-01-31 10:25:00
1817,2025-01-31 10:26:00
1818,2025-01-31 10:27:00
1819,2025-01-31 10:28:00
1820,2025-01-31 10:29:00
1821,2025-01-31 10:30:00
1822,2025-01-31 10:31:00
1823,2025-01-31 10:32:00
1824,2025-01-31 10:33:00
1825,2025-01-31 10:34:00
1826,2025-01-31 10:35:00
1827,2025-01-31 10:36:00
1828,2025-01-31 10:37:00
1829,2025-01-31 10:38:00
1830,2025-01-31 10:39:00
1831,2025-01-31 10:40:00
1832,2025-01-31 10:41:00
1833,2025-01-31 10:42:00
1834,2025-01-31 10:43:00
1835,2025-01-31 10:44:00
1836,2025-01-31 10:45:00
1837,2025-01-31 10:46:00
1838,2025-01-31 10:47:00
1839,2025-01-31 10:48:00
1840,2025-01-31 10:49:00
1841,2025-01-31 10:50:00
1842,2025-01-31 10:51:00
1843,2025-01-31 10:52:00
1844,2025-01-31 10:53:00
1845,2025-01-31 10:54:00
1846,2025-01-31 10:55:00
1847,2025-01-31 10:56:00
1848,2025-01-31 10:57:00
1849,2025-01-31 10:58:00
1850,2025-01-31 10:59:00
1851,2025-01-31 11:00:00
1852,2025-01-31 11:01:00
1853,2025-01-31 11:02:00
1854,2025-01-31 11:03:00
1855,2025-01-31 11:04:00
1856,2025-01-31 11:05:00
1857,2025-01-31 11:06:00
1858,2025-01-31 11:07:00
1859,2025-01-31 11:08:00
1860,2025-01-31 11:09:00
1861,2025-01-31 11:10:00
1862,2025-01-31 11:11:00
1863,2025-01-31 11:12:00
1864,2025-01-31 11:13:00
1865,2025-01-31 11:14:00
1866,2025-01-31 11:15:00
1867,2025-01-31 11:16:00
1868,2025-01-31 11:17:00
1869,2025-01-31 11:18:00
1870,2025-01-31 11:19:00
1871,2025-01-31 11:20:00
1872,2025-01-31 11:21:00
1873,2025-01-31 11:22:00
1874,2025-01-31 11:23:00
1875,2025-01-31 11:24:00
1876,2025-01-31 11:25:00
1877,2025-01-31 11:26:00
1878,2025-01-31 11:27:00
1879,2025-01-31 11:28:00
1880,2025-01-31 11:29:00
1881,2025-01-31 11:30:00
1882,2025-01-31 11:31:00
1883,2025-01-31 11:32:00
1884,2025-01-31 11:33:00
1885,2025-01-31 11:34:00
1886,2025-01-31 11:35:00
1887,2025-01-31 11:36:00
1888,2025-01-31 11:37:00
1889,2025-01-31 11:38:00
1890,2025-01-31 11:39:00
1891,2025-01-31 11:40:00
1892,2025-01-31 11:41:00
1893,2025-01-31 11:42:00
1894,2025-01-31 11:43:00
1895,2025-01-31 11:44:00
1896,2025-01-31 11:45:00
1897,2025-01-31 11:46:00
1898,2025-01-31 11:47:00
1899,2025-01-31 11:48:00
1900,2025-01-31 11:49:00
1901,2025-01-31 11:50:00
1902,2025-01-31 11:51:00
1903,2025-01-31 11:52:00
1904,2025-01-31 11:53:00
1905,2025-01-31 11:54:00
1906,2025-01-31 11:55:00
1907,2025-01-31 11:56:00
1908,2025-01-31 11:57:00
1909,2025-01-31 11:58:00
1910,2025-01-31 11:59:00
1911,2025-01-31 12:00:00
1912,2025-01-31 12:01:00
1913,2025-01-31 12:02:00
1914,2025-01-31 12:03:00
1915,2025-01-31 12:04:00
1916,2025-01-31 12:05:00
1917,2025-01-31 12:06:00
1918,2025-01-31 12:07:00
1919,2025-01-31 12:08:00
1920,2025-01-31 12:09:00
1921,2025-01-31 12:10:00
1922,2025-01-31 12:11:00
1923,2025-01-31 12:12:00
1924,2025-01-31 12:13:00
1925,2025-01-31 12:14:00
1926,2025-01-31 12:15:00
1927,2025-01-31 12:16:00
1928,2025-01-31 12:17:00
1929,2025-01-31 12:18:00
1930,2025-01-31 12:19:00
1931,2025-01-31 12:20:00
1932,2025-01-31 12:21:00
1933,2025-01-31 12:22:00
1934,2025-01-31 12:23:00
1935,2025-01-31 12:24:00
1936,2025-01-31 12:25:00
1937,2025-01-31 12:26:00
1938,2025-01-31 12:27:00
1939,2025-01-31 12:28:00
1940,2025-01-31 12:29:00
1941,2025-01-31 12:30:00
1942,2025-01-31 12:31:00
1943,2025-01-31 12:32:00
1944,2025-01-31 12:33:00
1945,2025-01-31 12:34:00
1946,2025-01-31 12:35:00
1947,2025-01-31 12:36:00
1948,2025-01-31 12:37:00
1949,2025-01-31 12:38:00
1950,2025-01-31 12:39:00
1951,2025-01-31 12:40:00
1952,2025-01-31 12:41:00
1953,2025-01-31 12:42:00
1954,2025-01-31 12:43:00
1955,2025-01-31 12:44:00
1956,2025-01-31 12:45:00
1957,2025-01-31 12:46:00
1958,2025-01-31 12:47:00
1959,2025-01-31 12:48:00
1960,2025-01-31 12:49:00
1961,2025-01-31 12:50:00
1962,2025-01-31 12:51:00
1963,2025-01-31 12:52:00
1964,2025-01-31 12:53:00
1965,2025-01-31 12:54:00
1966,2025-01-31 12:55:00
1967,2025-01-31 12:56:00
1968,2025-01-31 12:57:00
1969,2025-01-31 12:58:00
1970,2025-01-31 12:59:00
1971,2025-01-31 13:00:00
1972,2025-01-31 13:01:00
1973,2025-01-31 13:02:00
1974,2025-01-31 13:03:00
1975,2025-01-31 13:04:00
1976,2025-01-31 13:05:00
1977,2025-01-31 13:06:00
1978,2025-01-31 13:07:00
1979,2025-01-31 13:08:00
1980,2025-01-31 13:09:00
1981,2025-01-31 13:10:00
1982,2025-01-31 13:11:00
1983,2025-01-31 13:12:00
1984,2025-01-31 13:13:00
1985,2025-01-31 13:14:00
1986,2025-01-31 13:15:00
1987,2025-01-31 13:16:00
1988,2025-01-31 13:17:00
1989,2025-01-31 13:18:00
1990,2025-01-31 13:19:00
1991,2025-01-31 13:20:00
1992,2025-01-31 13:21:00
1993,2025-01-31 13:22:00
1994,2025-01-31 13:23:00
1995,2025-01-31 13:24:00
1996,2025-01-31 13:25:00
1997,2025-01-31 13:26:00
1998,2025-01-31 13:27:00
1999,2025-01-31 13:28:00
2000,2025-01-31 13:29:00
2001,2025-01-31 13:30:00
2002,2025-01-31 13:31:00
2003,2025-01-31 13:32:00
2004,2025-01-31 13:33:00
2005,2025-01-31 13:34:00
2006,2025-01-31 13:35:00
2007,2025-01-31 13:36:00
2008,2025-01-31 13:37:00
2009,2025-01-31 13:38:00
2010,2025-01-31 13:39:00
2011,2025-01-31 13:40:00
2012,2025-01-31 13:41:00
2013,2025-01-31 13:42:00
2014,2025-01-31 13:43:00
2015,2025-01-31 13:44:00
2016,2025-01-31 13:45:00
2017,2025-01-31 13:46:00
2018,2025-01-31 13:47:00
2019,2025-01-31 13:48:00
2020,2025-01-31 13:49:00
2021,2025-01-31 13:50:00
2022,2025-01-31 13:51:00
2023,2025-01-31 13:52:00
2024,2025-01-31 13:53:00
2025,2025-01-31 13:54:00
2026,2025-01-31 13:55:00
2027,2025-01-31 13:56:00
2028,2025-01-31 13:57:00
2029,2025-01-31 13:58:00
2030,2025-01-31 13:59:00
2031,2025-01-31 14:00:00
2032,2025-01-31 14:01:00
2033,2025-01-31 14:02:00
2034,2025-01-31 14:03:00
2035,2025-01-31 14:04:00
2036,2025-01-31 14:05:00
2037,2025-01-31 14:06:00
2038,2025-01-31 14:07:00
2039,2025-01-31 14:08:00
2040,2025-01-31 14:09:00
2041,2025-01-31 14:10:00
2042,2025-01-31 14:11:00
2043,2025-01-31 14:12:00
2044,2025-01-31 14:13:00
2045,2025-01-31 14:14:00
2046,2025-01-31 14:15:00
2047,2025-01-31 14:16:00
2048,2025-01-31 14:17:00
2049,2025-01-31 14:18:00
2050,2025-01-31 14:19:00
2051,2025-01-31 14:20:00
2052,2025-01-31 14:21:00
2053,2025-01-31 14:22:00
2054,2025-01-31 14:23:00
2055,2025-01-31 14:24:00
2056,2025-01-31 14:25:00
2057,2025-01-31 14:26:00
2058,2025-01-31 14:27:00
2059,2025-01-31 14:28:00
2060,2025-01-31 14:29:00
2061,2025-01-31 14:30:00
2062,2025-01-31 14:31:00
2063,2025-01-31 14:32:00
2064,2025-01-31 14:33:00
2065,2025-01-31 14:34:00
2066,2025-01-31 14:35:00
2067,2025-01-31 14:36:00
2068,2025-01-31 14:37:00
2069,2025-01-31 14:38:00
2070,2025-01-31 14:39:00
2071,2025-01-31 14:40:00
2072,2025-01-31 14:41:00
2073,2025-01-31 14:42:00
2074,2025-01-31 14:43:00
2075,2025-01-31 14:44:00
2076,2025-01-31 14:45:00
2077,2025-01-31 14:46:00
2078,2025-01-31 14:47:00
2079,2025-01-31 14:48:00
2080,2025-01-31 14:49:00
2081,2025-01-31 14:50:00
2082,2025-01-31 14:51:00
2083,2025-01-31 14:52:00
2084,2025-01-31 14:53:00
2085,2025-01-31 14:54:00
2086,2025-01-31 14:55:00
2087,2025-01-31 14:56:00
2088,2025-01-31 14:57:00
2089,2025-01-31 14:58:00
2090,2025-01-31 14:59:00
2091,2025-01-31 15:00:00
2092,2025-01-31 15:01:00
2093,2025-01-31 15:02:00
2094,2025-01-31 15:03:00
2095,2025-01-31 15:04:00
2096,2025-01-31 15:05:00
2097,2025-01-31 15:06:00
2098,2025-01-31 15:07:00
2099,2025-01-31 15:08:00
2100,2025-01-31 15:09:00
2101,2025-01-31 15:10:00
2102,2025-01-31 15:11:00
2103,2025-01-31 15:12:00
2104,2025-01-31 15:13:00
2105,2025-01-31 15:14:00
2106,2025-01-31 15:15:00
2107,2025-01-31 15:16:00
2108,2025-01-31 15:17:00
2109,2025-01-31 15:18:00
2110,2025-01-31 15:19:00
2111,2025-01-31 15:20:00
2112,2025-01-31 15:21:00
2113,2025-01-31 15:22:00
2114,2025-01-31 15:23:00
2115,2025-01-31 15:24:00
2116,2025-01-31 15:25:00
2117,2025-01-31 15:26:00
2118,2025-01-31 15:27:00
2119,2025-01-31 15:28:00
2120,2025-01-31 15:29:00
2121,2025-01-31 15:30:00
2122,2025-01-31 15:31:00
2123,2025-01-31 15:32:00
2124,2025-01-31 15:33:00
2125,2025-01-31 15:34:00
2126,2025-01-31 15:35:00
2127,2025-01-31 15:36:00
2128,2025-01-31 15:37:00
2129,2025-01-31 15:38:00
2130,2025-01-31 15:39:00
2131,2025-01-31 15:40:00
2132,2025-01-31 15:41:00
2133,2025-01-31 15:42:00
2134,2025-01-31 15:43:00
2135,2025-01-31 15:44:00
2136,2025-01-31 15:45:00
2137,2025-01-31 15:46:00
2138,2025-01-31 15:47:00
2139,2025-01-31 15:48:00
2140,2025-01-31 15:49:00
2141,2025-01-31 15:50:00
2142,2025-01-31 15:51:00
2143,2025-01-31 15:52:00
2144,2025-01-31 15:53:00
2145,2025-01-31 15:54:00
2146,2025-01-31 15:55:00
2147,2025-01-31 15:56:00
2148,2025-01-31 15:57:00
2149,2025-01-31 15:58:00
2150,2025-01-31 15:59:00
2151,2025-01-31 16:00:00
2152,2025-01-31 16:05:00
2153,2025-01-31 16:10:00
2154,2025-01-31 16:17:00
2155,2025-01-31 16:32:00
2156,2025-01-31 16:37:00
2157,2025-01-31 16:40:00
2158,2025-01-31 16:47:00
2159,2025-01-31 16:59:00
2160,2025-01-31 17:24:00
2161,2025-01-31 17:36:00
2162,2025-01-31 17:58:00
2163,2025-01-31 18:08:00
2164,2025-01-31 18:30:00
2165,2025-01-31 18:36:00
2166,2025-01-31 18:59:00
2167,2025-01-31 19:00:00
2168,2025-01-31 19:39:00
2169,2025-01-31 19:53:00
