Target 1,Target 2
-0.0005738825,-0.0143672
-0.0007298267,-0.009930193
-0.0007524587,-0.010496009
-0.0008265034,-0.0017134994
0.0014307975,-0.13468379
-0.0016099915,-0.014702853
-0.0006693536,-0.020461204
-0.00049756095,-0.019250002
-0.0006106071,-0.016846158
-0.0003630413,-0.020391654
-0.00031911884,-0.022571428
-0.00015979557,-0.02479556
-0.00018620533,-0.018761966
0.00016100223,-0.031995982
-0.00020295083,-0.023294453
-0.0004219142,-0.01914595
-0.0005151404,-0.018872157
-0.00054111343,-0.018203989
-0.00088451855,-0.018119927
0.00092822034,-0.052769944
-0.0003255878,-0.010660827
-0.00040786382,-0.008941505
3.5011893e-05,-0.008199725
0.00026667962,-0.020237958
-0.0013716375,-0.0059599094
0.0002118328,-0.008010343
0.00027082622,-0.03645374
-0.0005030564,-0.013028024
-0.0011469453,-0.009358022
0.00034808432,-0.040027656
-0.0009138662,-0.008158017
-0.001189081,-0.010345947
0.00028998475,-0.015075952
-0.0006967739,-0.012317169
-0.0007445017,-0.0063614547
-0.0010603336,-0.014759712
0.00050563633,-0.03533707
-0.00033835048,-0.008037426
-0.0006953373,-0.014190804
0.0005377603,-0.020999886
-8.511044e-05,-0.006485177
-0.0006777107,-0.01392022
-0.0007674958,-0.007794466
8.002603e-05,-0.007936411
0.00031599007,-0.03191307
-0.00013698927,-0.015861912
-0.00084070687,-0.0068941507
0.0021587529,-0.14323658
0.003120186,-0.19610539
-0.0006889886,-0.019404123
0.0009885917,-0.08716522
0.0027940231,-0.17849657
0.00027766643,-0.06829088
-0.00012168825,-0.011171956
-9.417538e-05,-0.014399065
-5.2061936e-05,-0.022299426
1.5183003e-05,-0.027367745
-7.883567e-05,-0.0140479505
-8.163789e-05,-0.015172737
0.00019155549,-0.04990626
-6.254787e-05,-0.013239078
-0.00010316449,-0.015216542
8.16441e-06,-0.022328587
-6.6366774e-06,-0.010522749
0.00024479057,-0.008139789
-0.0009117725,-0.006805893
0.0012262951,-0.083595395
-0.0006084094,-0.007109022
-0.0018163949,-0.009427972
-0.00074719155,-0.0075310543
-0.0009397791,-0.014007736
-0.0017434369,-0.010729106
0.002228046,-0.12624782
-0.0012465105,-0.012728762
0.00019674747,-0.009662569
0.00018348506,-0.010087319
-0.00076808623,-0.00673813
-0.0005263386,-0.007364858
-0.0015156468,-0.008820169
-0.0015012071,-0.011906693
-0.00039204676,-0.01225565
0.0021752634,-0.125451
-0.0010311921,-0.008514287
-0.0007382613,-0.014032055
0.00013659315,-0.03165623
0.00060244487,-0.009075774
0.0002554361,-0.009106012
-0.0010772079,-0.008606691
0.0004988921,-0.008629164
-0.00096217374,-0.008041842
-0.00043792563,-0.019501783
-0.0010331223,-0.024285775
0.00019296214,-0.039612934
-0.00064204243,-0.017492432
0.00068054564,-0.051472932
0.0014171171,-0.07585861
-0.00096990616,-0.013115708
0.0015106706,-0.1032932
-0.00058642,-0.017383723
-0.00023546872,-0.02691824
-0.00056280335,-0.021000803
-0.00049897697,-0.017258018
-0.0001100798,-0.02859629
0.0004380499,-0.043353148
0.00034571264,-0.04963976
0.0009911793,-0.06344509
-0.00015086852,-0.02115851
-0.00019127167,-0.024347281
-0.00033064763,-0.029162955
-0.0011413746,-0.015159214
-0.00028456852,-0.021145388
-0.00043751328,-0.019383706
-0.001050785,-0.012790084
-0.0009450299,-0.016207304
0.0020595603,-0.10025317
0.0007830894,-0.052667353
0.00021730385,-0.03716679
0.00038167514,-0.043884046
-0.0009137073,-0.012157513
7.0082664e-05,-0.031960085
-0.00036993175,-0.015852474
-0.00044933718,-0.015734462
9.23958e-05,-0.028881919
-0.00027652655,-0.023742143
0.0010087197,-0.07645503
8.625856e-05,-0.0157649
-1.8123399e-05,-0.019761251
0.0002679283,-0.042886663
-7.7522374e-05,-0.012423672
0.0003499136,-0.050815426
1.9343322e-05,-0.015857585
-0.00046643266,-0.016328454
-0.00056953373,-0.0139170345
0.0022844598,-0.14676958
-6.547691e-05,-0.01222698
0.00011738685,-0.010409337
-0.0003577416,-0.010944873
-0.00043083943,-0.011649152
-0.00045132055,-0.013578638
0.00068026455,-0.04048447
-0.00035255658,-0.011398084
0.0007096736,-0.062522106
-0.00025790388,-0.011914533
4.7263384e-05,-0.015875196
5.3663724e-05,-0.016236302
1.0013042e-05,-0.021214586
8.233219e-05,-0.033672586
0.00018953254,-0.04361459
9.805219e-05,-0.032602232
0.0002879153,-0.047065772
-0.00024099262,-0.006059032
4.6066467e-05,-0.041170128
-0.0005263692,-0.00788407
-0.0006305799,-0.021142362
-0.00043690065,-0.016446961
-0.0010746014,-0.015355116
-0.0011957532,-0.014657497
0.0023957996,-0.14214244
0.00016874964,-0.022597345
0.00023984075,-0.033587914
0.0006741093,-0.04451406
-0.00019882897,-0.010839049
0.00025486317,-0.008721668
0.00020549803,-0.009431779
-0.0011482264,-0.011864815
-0.00045391102,-0.016128255
-0.0006012169,-0.015574515
-0.0001767708,-0.010536715
-0.00049107865,-0.0135368705
-0.00045729103,-0.011285853
0.002423409,-0.16352537
0.001321573,-0.08775304
0.0006182891,-0.05785786
-0.0002573161,-0.026678754
-1.7335362e-05,-0.0095351245
-0.00017567333,-0.011398427
0.0008922986,-0.058410928
0.00029000477,-0.015693976
0.001096275,-0.07396649
0.0001287694,-0.035248864
6.171469e-05,-0.022492684
0.0005039576,-0.05688698
-0.00042298983,-0.008153887
6.361111e-05,-0.04293696
-0.00096505735,-0.020058349
-0.0002922188,-0.02937269
-0.0005787716,-0.024708685
0.0011457094,-0.08080653
-0.00015854496,-0.017175477
0.0019461596,-0.18734044
-0.0002438328,-0.045535214
0.00017941158,-0.07594612
-0.00073686027,-0.033004243
-0.0011372062,-0.008994887
-0.00075370586,-0.02449544
-0.0010964014,-0.030959796
-0.0010565442,-0.022235025
-0.00085073477,-0.021926012
-0.000768337,-0.019879732
-0.00077204255,-0.023206886
-0.00048327987,-0.03627182
-0.00080136117,-0.020866532
-0.0006494409,-0.027441802
-0.00037676486,-0.04376004
7.6464625e-05,-0.04643576
-0.00029381772,-0.032728385
-0.00024033291,-0.033600178
-7.591338e-05,-0.023398979
-0.00019400565,-0.015511392
2.0713196e-07,-0.033430014
-0.00044207403,-0.025741173
0.00043187424,-0.0792918
-0.00043077784,-0.019718848
-0.00020058772,-0.067919195
-0.0007262317,-0.01238085
-0.0011913381,-0.0064282715
-0.00067060103,-0.010043593
-0.00059758726,-0.0334599
-0.0011851717,-0.008138802
-0.0011894202,-0.019503543
-0.0002790506,-0.012949765
-0.0019865795,-0.01098807
-0.00018681407,-0.013640869
9.3933006e-05,-0.019088075
-0.001409061,-0.0134874955
-0.0010804841,-0.015678884
0.00056336215,-0.04228834
-0.0008901219,-0.015518213
-0.0011859931,-0.013150338
-0.0005880168,-0.014826497
-0.00066198123,-0.014418595
-0.0005367671,-0.015264766
-0.0012798279,-0.012517545
-0.0011088501,-0.013167702
0.0015591132,-0.07239889
0.0015701337,-0.079241164
-0.0007998806,-0.01385772
-0.0010133556,-0.01355374
-0.00048443087,-0.016083106
-0.00090365193,-0.011615647
-8.491578e-05,-0.027083999
-3.5700163e-05,-0.024637815
0.00026599522,-0.026733793
0.000553815,-0.051535897
-0.00033254875,-0.008764831
-0.0013006047,-0.010262707
-0.0012418308,-0.016789734
-0.00065419776,-0.024192713
-0.00036790798,-0.021929195
-0.00047497405,-0.027719732
-0.00031734438,-0.020830357
-0.00095957064,-0.016622184
0.0014237608,-0.05740345
-0.0007052078,-0.017925266
-0.0003924371,-0.02233439
-0.00022763766,-0.021067522
-0.00021838005,-0.020055793
0.00026865146,-0.028767861
0.0002673819,-0.016416797
-0.0006742932,-0.01132524
-0.0015940324,-0.013233952
-0.0009779794,-0.012890091
0.00069841306,-0.030196298
0.00076761574,-0.031767197
-9.915039e-05,-0.016891412
-0.00085446064,-0.0076886415
-0.0008468466,-0.0073551573
0.0003193554,-0.009377953
-0.00097463815,-0.005212169
-0.0008826273,-0.010352211
0.0003953569,-0.011053458
0.0005026518,-0.028078012
-0.0017349517,-0.011146594
-0.0008700697,-0.012062697
0.0020779627,-0.10360468
0.0001670393,-0.021896344
-0.00036405318,-0.008775493
0.00048068428,-0.047974493
9.7309865e-05,-0.027520875
0.00011690734,-0.030620549
-0.00027989125,-0.010182682
-0.00051115465,-0.007557174
-0.00029311486,-0.018535364
-0.00034692272,-0.019696487
-0.00058722525,-0.015175577
-0.00038878806,-0.018021286
-0.0010064987,-0.009128386
-0.00046646013,-0.02397459
-0.00053973636,-0.02281098
-0.0005906443,-0.010582961
-5.9064492e-05,-0.03518243
-0.0008798299,-0.016656423
-0.0007778646,-0.013438048
-0.0010931642,-0.013097417
0.0010008009,-0.045057952
-0.0011920622,-0.02262225
-0.00081288285,-0.019632015
-0.0005053283,-0.018012118
-0.00026256923,-0.025151115
-0.0005808121,-0.023151416
-0.00058700854,-0.018172625
-0.00054983224,-0.017633948
0.00039849436,-0.022179864
-0.0006417187,-0.015204905
-0.00071761885,-0.014689174
-0.00052588613,-0.021457866
0.00031872274,-0.018682603
-2.3178713e-05,-0.014522642
-0.00071593735,-0.012191772
-3.228175e-05,-0.013883183
-0.00024765625,-0.009972291
-0.000987613,-0.008080041
-0.00014568555,-0.0108803585
0.00018462008,-0.011587592
0.00021019937,-0.03342092
-0.0013958676,-0.00755406
-0.00088865013,-0.008860294
-0.0015191362,-0.007833403
-0.0014321323,-0.008510474
-0.0012066378,-0.008469986
-0.0016947809,-0.010669261
-0.0011056142,-0.010307958
-0.0011852778,-0.010716537
-0.0013229001,-0.011218933
-0.0010654057,-0.011071753
-0.0011471992,-0.011756765
-0.0004186246,-0.01175889
-0.0011948434,-0.014158336
0.0007777375,-0.009408722
-0.0016131024,-0.009906562
-0.0022907173,-0.0081888195
-0.0011027044,-0.013345499
0.00038220175,-0.012394572
0.0010631339,-0.04674128
-0.00089634454,-0.0054698847
-0.0010243352,-0.004933214
-0.0019258813,-0.007104624
-0.0018667309,-0.010564879
-0.0009759503,-0.017955547
0.0001887321,-0.011004962
-0.0004388278,-0.008648876
-0.00045280939,-0.0062456448
-0.001147337,-0.005852729
-0.00084216933,-0.0064525343
-0.0017891028,-0.010714699
0.000231306,-0.007241823
-0.0013525765,-0.011039622
-0.0015022283,-0.009911759
0.00053625024,-0.009628337
-0.0014154814,-0.010504767
-0.0015898196,-0.0092430785
-0.0016289981,-0.010759596
-0.00061207375,-0.012832332
-0.00065450114,-0.009782055
-0.0015137385,-0.011444714
-0.0012790259,-0.009441154
-0.00046907127,-0.022921398
-0.0003304868,-0.01136931
0.0016628827,-0.063781396
-0.001039088,-0.007124722
-0.0007956116,-0.013181699
0.0002698846,-0.028085068
8.736309e-05,-0.02659824
-0.0005279219,-0.01411709
-0.00038772495,-0.023071595
-0.00030356145,-0.028912198
-0.0007439193,-0.01722526
1.218784e-05,-0.043307684
-0.0006692397,-0.022699963
-0.0009747213,-0.011589792
-0.00039589067,-0.012077663
0.00026815257,-0.00992359
-0.0013627396,-0.006553931
-0.001057191,-0.00552563
-0.0010921276,-0.007924147
-0.0014590301,-0.012188347
0.00064785883,-0.06469494
0.000116926545,-0.0059285834
-0.0019065888,-0.0056683663
-0.00069476344,-0.006537296
-0.00032226986,-0.028599724
-0.0017365504,-0.006558737
0.0005493584,-0.042531487
-0.002162276,-0.010047734
-0.001542748,-0.011660792
-0.0009616656,-0.012578089
0.00042945583,-0.019999886
0.0011671926,-0.10577101
-0.0004420997,-0.032431416
-0.0008706073,-0.026960112
0.0017036706,-0.060295172
0.0014205035,-0.049964324
-0.0010280154,-0.013485748
-0.00071435864,-0.01586377
-0.0013747714,-0.019786257
0.00076577836,-0.034101166
-0.00075684587,-0.017121645
0.00042700226,-0.035635415
0.0018375654,-0.08446024
0.0014747054,-0.06693281
0.00069001404,-0.042654686
-0.0006831855,-0.013729297
-0.0009362695,-0.010151628
-0.0006169546,-0.012671029
2.3876783e-06,-0.019036345
-0.0006086836,-0.009769991
-6.3969776e-05,-0.020183511
-0.00038978766,-0.013577571
-0.00023118271,-0.023818709
0.00082023005,-0.041595243
-0.00084702816,-0.009867363
0.00072526117,-0.04125179
-0.0013225058,-0.010463918
-0.0012260232,-0.01237094
0.00312289,-0.18130776
0.0011574232,-0.048956454
0.0004833531,-0.04943619
0.000698302,-0.042997804
0.00069694105,-0.042766195
2.179289e-05,-0.021833695
0.0006237559,-0.04989668
-0.0001078317,-0.019463252
-0.00027750025,-0.022516321
-0.00033008523,-0.016396606
-0.0004338525,-0.012371913
0.00047224178,-0.012225337
0.00014606888,-0.015616853
-1.4766454e-05,-0.010795929
0.0013310465,-0.08744287
-0.0008414631,-0.016957011
0.0020491176,-0.11871156
0.00184389,-0.09611991
0.0013754413,-0.08114197
-0.0004552473,-0.00635786
-0.00066392124,-0.009161413
0.0011221293,-0.06826138
0.00014412765,-0.012780881
0.00034092163,-0.037955303
0.00014609941,-0.030230252
0.00023022939,-0.023293622
0.0018320117,-0.12061273
-0.0002554737,-0.00925887
0.0011213049,-0.06791002
0.00031453156,-0.03812734
0.0006300976,-0.056319363
-0.00018269489,-0.008852275
0.00065786607,-0.061594713
0.0016112353,-0.11355727
0.0009076392,-0.07549069
0.0011389792,-0.09108501
0.0007007635,-0.06397052
0.00021350988,-0.0115348175
3.3309116e-06,-0.02904576
0.00019628186,-0.029200822
0.0004308996,-0.030961828
0.00014342253,-0.04098916
0.00253087,-0.1789293
-0.0007367463,-0.017236948
0.0004739901,-0.069405146
0.000669877,-0.07812171
0.0003985964,-0.06995274
-0.000439435,-0.023187043
-0.00033707783,-0.032028906
-5.9431317e-05,-0.038040515
-0.00019675378,-0.02949363
-0.00040226098,-0.039527718
-0.0005012957,-0.032907166
-0.0003202508,-0.03870187
-0.00055680855,-0.030213326
0.00023348774,-0.033554345
0.00046053156,-0.080883324
-0.00052511075,-0.038427997
-0.00094643317,-0.035035327
2.9643204e-05,-0.04672002
-0.00036546745,-0.041994832
0.00033780438,-0.03274005
0.00030445453,-0.06193081
-0.0011353389,-0.022790197
-0.000522828,-0.029595844
-0.00012416288,-0.03364148
0.0007214956,-0.055044793
-0.0013504887,-0.016425136
-0.00016472604,-0.012022728
-0.0007144282,-0.020629333
-0.0012217152,-0.015623204
0.00036518025,-0.02134779
0.00072285294,-0.03443814
-0.001654775,-0.011049561
-0.0005643747,-0.022731716
-0.0011827128,-0.016331285
0.00012095306,-0.029188875
-0.00086622604,-0.02134663
-0.0014887885,-0.013753153
-0.00088888226,-0.0185917
-0.0006761191,-0.023366313
0.0032180226,-0.1546177
-0.0006660818,-0.017146952
0.00074478687,-0.04313868
-1.9205821e-05,-0.029359847
-3.101147e-05,-0.020654552
0.0014912835,-0.0701887
-0.00027252,-0.023116402
-0.00016082663,-0.029726263
-0.00020099746,-0.026178118
1.2426419e-05,-0.018768305
0.000190976,-0.012538202
-0.00022993227,-0.026061596
-0.00037911232,-0.011390876
-0.0005572068,-0.022902396
0.0005799714,-0.050276294
0.0010555402,-0.06162866
-0.0009591649,-0.00871836
0.00061996473,-0.047914132
0.00061194325,-0.045677904
-0.00075078,-0.009336827
-0.0010699847,-0.0069563203
-0.0005777284,-0.005487412
-0.0012712268,-0.007558966
-0.001259848,-0.0123651195
-0.0014205673,-0.010960028
-0.0006415613,-0.01827399
0.0014540058,-0.043309886
-0.0015518854,-0.0103500895
-0.0010545048,-0.008036524
-0.0015700561,-0.010336366
0.0014430848,-0.045937907
-0.0009078484,-0.012468984
0.0006800793,-0.03216467
0.0015358774,-0.062179852
-0.0002832926,-0.024508908
-0.001090806,-0.009862121
-0.00097600697,-0.0083984155
-0.00013228538,-0.016688185
-0.00054139737,-0.008962283
0.0007403701,-0.04939122
0.00060438854,-0.031909335
-0.0007698833,-0.009192301
-0.0005518097,-0.009782042
-0.0005333383,-0.010125954
0.0011143388,-0.057047546
-0.0005819419,-0.016449742
-0.0011358641,-0.009442005
0.002035094,-0.11872262
-4.7914713e-05,-0.031222325
-0.0009684264,-0.017350279
-0.0006235063,-0.023223463
-7.611107e-05,-0.022116244
0.0009946255,-0.049604215
-0.0005672317,-0.019585865
-0.00043598237,-0.019553095
0.0005654045,-0.02750965
-0.000422995,-0.01464859
0.0013898538,-0.04486167
-0.0011324199,-0.01275211
0.00047690154,-0.019717904
0.0020822054,-0.10477228
-0.00069206994,-0.019177426
0.00037299533,-0.03603914
-0.0008603529,-0.010505827
-0.00089303154,-0.011364166
0.0024147741,-0.14147487
-0.000507673,-0.015085988
0.00062353245,-0.04978459
0.00014396854,-0.027082713
-0.0009692769,-0.013079878
-0.00074836274,-0.013793554
0.00073519355,-0.029448029
0.000252989,-0.019766517
-0.0005510203,-0.013543656
-0.00054652034,-0.017240737
-0.0010272972,-0.016205847
0.00018536531,-0.02482728
-0.0005193754,-0.018734753
0.0020394435,-0.0979871
-0.0005578033,-0.021110417
-0.00032992742,-0.025486954
0.00011561018,-0.021675598
0.00026294665,-0.025343612
-0.0012069696,-0.014797807
-0.00038522476,-0.020411722
0.0028737823,-0.1530894
-0.0004262051,-0.021387424
-0.0011687401,-0.02361752
-5.711148e-05,-0.037407484
-0.00038027886,-0.037130177
-0.00015698346,-0.016375491
-0.00018951904,-0.016806843
-0.00021980841,-0.015654143
0.00015293478,-0.033565044
0.00042307924,-0.021222368
-0.00033111597,-0.016494049
-0.0016789339,-0.010184947
-0.0002513877,-0.013282524
-0.00021417534,-0.013641076
0.0016718783,-0.09533985
-0.00067874,-0.01099742
-0.00055902114,-0.010235589
-0.0013419085,-0.006930519
-0.0011327877,-0.008087631
-0.00037273532,-0.007022571
0.00043084094,-0.005180713
-0.0015106307,-0.009274229
-0.0012219261,-0.010960277
-0.00083948736,-0.0090434365
-0.00087805267,-0.010591026
0.0007427184,-0.0022576042
-0.0002429528,-0.0018998384
-0.0011530524,-0.0022370778
-4.310636e-05,-0.02010197
-0.0007507714,-0.0042002276
-0.00079164,-0.0033823587
0.0040091253,-0.26082855
-0.001188102,-0.01270652
-0.0009501171,-0.01143669
-0.00075317535,-0.012400003
-0.00097136316,-0.012105849
-0.00066269643,-0.011905009
-0.00072377553,-0.0109239165
-0.0006866502,-0.011470925
-0.00023115236,-0.007915184
-0.0012572043,-0.011065748
-0.0012091513,-0.011542462
0.0005025566,-0.025331818
-7.261128e-05,-0.0056401305
0.001687662,-0.10140522
-0.0005795191,-0.003620904
-0.0010973449,-0.009635374
-0.0011641718,-0.00638764
-0.0012762186,-0.008548494
0.0017872669,-0.100272454
-0.0009966337,-0.005974762
-0.0013660778,-0.0063685924
-0.0011816851,-0.00629149
-0.0011295328,-0.0055217333
-0.001071571,-0.007252168
-0.0010287878,-0.0061062407
-0.0011184042,-0.0057922564
-0.0012714354,-0.0071552023
-0.0015198564,-0.008150302
0.00054501405,-0.0059080683
-0.0022220304,-0.008530889
-0.001740909,-0.010265939
-0.00091637886,-0.015474888
0.00094904564,-0.0058919676
-0.0021675294,-0.0076509677
-0.0017665777,-0.009555038
0.0007413016,-0.007350575
0.00201415,-0.1061538
-0.0010550809,-0.004705839
0.0023274843,-0.14857632
-0.0013347827,-0.012019569
-0.0011209552,-0.014053872
-0.0011239401,-0.011340704
0.0034888373,-0.20606133
-0.0022343316,-0.015122864
-0.00070528424,-0.008857295
0.002564617,-0.14984003
-0.000544084,-0.0085037425
0.0005716406,-0.054400474
-9.210485e-05,-0.0129733775
-0.000296826,-0.010773737
-0.0001591976,-0.027959606
-0.00031646184,-0.009788867
-0.00064295524,-0.009855652
-0.0005916073,-0.022982275
0.0016100571,-0.09338103
0.0007689424,-0.040899288
0.00027743616,-0.034599822
-0.0012724923,-0.012502577
-0.0013032778,-0.012135059
0.00030534604,-0.024215102
0.00079554395,-0.03817804
-0.000868314,-0.019407835
-0.00040816935,-0.023015646
0.00035038154,-0.034628507
-0.00039708155,-0.011267129
-0.001132073,-0.011305153
0.00088799995,-0.03869343
-0.00045970175,-0.013377417
-0.0005472327,-0.014021942
-0.00027770695,-0.011983918
-0.00032873964,-0.012809055
-0.0007173101,-0.009453168
-0.00035271235,-0.010484062
0.0006302723,-0.036995728
-0.00050774287,-0.009769045
-0.00033493945,-0.01234824
-0.0003794764,-0.0085058175
-0.0003370095,-0.0091411285
-0.00013698707,-0.020859517
-0.0017500675,-0.010712633
-0.0003642945,-0.017572252
-0.00036254933,-0.011601474
-0.0014847456,-0.0094495155
-0.0020108786,-0.009084811
-0.0017308744,-0.00890203
0.0022113053,-0.09768204
-0.0008471267,-0.013369486
-0.0012444115,-0.008290898
-0.0014474832,-0.009341311
0.0009199241,-0.056907922
-0.0010314126,-0.009540966
-0.0011046509,-0.009777553
-0.0006199379,-0.010424554
0.00034397875,-0.029176828
0.000766086,-0.019120876
0.0013318141,-0.073186696
-0.0011571539,-0.007889193
-0.00047326385,-0.0105498135
-0.0009016821,-0.0106796175
-0.0015599033,-0.009758737
-0.0014762933,-0.010504682
0.0005741321,-0.024744313
-0.0016666115,-0.010168539
-0.0012990434,-0.010187862
-0.0017511945,-0.010356247
-0.0006596186,-0.015727477
0.00078484666,-0.036121964
0.001065638,-0.058081903
-7.457478e-06,-0.01442845
-0.002096865,-0.008021429
0.00074956834,-0.0450164
0.0008246354,-0.05042755
-0.00017335603,-0.02666937
-0.00037360488,-0.015694804
-0.00050447724,-0.009790039
-0.0003851654,-0.009969704
-0.000690665,-0.01589337
-0.00071031216,-0.011183944
-0.00091276516,-0.010255203
-0.0011252179,-0.008772949
-0.0016585578,-0.010783238
-0.0019356353,-0.00936579
0.00015554811,-0.013751775
0.00017948546,-0.009162152
-0.001924033,-0.008054351
-0.0011305267,-0.013399303
-0.000889393,-0.018723037
-0.0007232436,-0.011618191
-0.0005834487,-0.010975968
-0.00052648043,-0.008601677
-0.0021262984,-0.008621689
0.00196521,-0.09645752
0.0009047553,-0.035300072
-0.0016069604,-0.0073633175
-0.0018696765,-0.009592082
0.00064145983,-0.018001363
7.074981e-06,-0.013932735
-0.0016875879,-0.0127645
-0.0019926575,-0.009271827
0.00020749656,-0.029548232
0.0005286569,-0.034454614
-0.0013090153,-0.009229155
-0.0006952394,-0.008639917
-0.001290044,-0.011535013
-0.0022403926,-0.008198131
-0.0018648154,-0.009297205
-0.0012597981,-0.01159538
-0.0010389648,-0.017027674
-0.00046805374,-0.02382285
-0.00070807996,-0.01588611
0.0014729397,-0.05175309
-0.00023115684,-0.010237157
-0.0008597737,-0.00881822
-0.00078259583,-0.009547267
-0.0006481655,-0.009979244
0.0021254658,-0.11288608
7.74675e-05,-0.021939568
-9.2505376e-05,-0.036855675
-0.00054906204,-0.02575947
0.0030030373,-0.21130711
0.002131454,-0.20544213
-0.0006580559,-0.016723406
-0.00077242346,-0.019299228
-0.000325927,-0.032834537
-0.00026236763,-0.028876767
0.0001954121,-0.06104526
-0.00023732483,-0.034661565
-0.0001896298,-0.05128559
-0.00021907424,-0.02634697
-0.0006404565,-0.02915619
-0.0009025457,-0.026589256
0.00011058773,-0.026824798
-0.00055363006,-0.028143585
2.245875e-05,-0.044840828
-0.0008572581,-0.022283655
-0.00040637283,-0.030614287
0.00080825516,-0.05228076
0.0003411125,-0.03057149
-0.0006472343,-0.01396678
-0.0014137772,-0.009749798
0.0001554207,-0.016002757
-0.0011698907,-0.011909425
-0.0013558399,-0.0077638924
-0.0008272245,-0.009510623
1.0390082e-05,-0.016712926
-0.001301889,-0.010907413
-0.0013629333,-0.008042833
0.0011157233,-0.03735598
-0.0009581766,-0.012322202
-0.00064158486,-0.013087817
-0.00036041375,-0.020844797
-0.0003733887,-0.014880605
-0.00041879446,-0.011228245
-0.0004163615,-0.012588734
0.001285087,-0.062307745
-0.0007615353,-0.008348446
-0.000670404,-0.013494045
-0.0005955641,-0.008900953
-0.0005890241,-0.007664256
-0.0005925481,-0.008296985
-0.00012546506,-0.019079488
-0.00067713537,-0.019003306
-0.0004231846,-0.010486633
4.8743852e-05,-0.028519657
-0.0008807688,-0.020914836
0.0022509873,-0.12770191
0.00034804287,-0.017635575
-9.2914925e-06,-0.026002983
-0.001992081,-0.008849507
-0.0012231048,-0.016746556
-0.00078579783,-0.021892933
-0.00064050243,-0.024829298
0.00028159056,-0.022013573
-0.000103854036,-0.016836112
-0.000696744,-0.012915585
0.00065123127,-0.051034555
-0.0003821351,-0.010544097
-0.0013167167,-0.010181654
-0.0010475959,-0.010493141
-0.0008498064,-0.010556294
-0.0008804118,-0.009694649
-0.00073426415,-0.009743666
-0.0007564459,-0.0132426135
-0.00024815003,-0.008413954
-0.0008817521,-0.00587463
-0.0012403791,-0.004333511
-0.0012398509,0.0006985292
-0.00031311304,-0.007837001
-0.0023951803,-0.004209671
0.00023031024,-0.00755335
-0.00035079237,-0.007546546
-0.002475147,-0.008372655
-0.0020123858,-0.006707672
0.0006592093,-0.00820281
0.0009469129,-0.033208754
-0.0016730751,-0.0074350834
-0.0016899243,-0.0075791143
0.00095608365,-0.023709357
-0.0009638163,-0.008174103
-0.0014608527,-0.007966902
-0.0011004938,-0.020539988
-4.7733003e-05,-0.016674664
-0.0013634521,-0.00960438
-0.00030673883,-0.008902315
-0.0003981362,-0.016138216
-0.0016294373,-0.012972595
-0.0012096048,-0.010992285
0.0027505371,-0.122215845
-0.0010525206,-0.017670132
-0.00087747874,-0.019749617
6.350309e-05,-0.013147039
-0.0008103226,-0.01610658
-0.00078898994,-0.018310552
0.0050612222,-0.30059835
-0.00014876608,-0.0118378755
-0.0009562309,-0.0014849119
-0.00047804735,-0.0010721385
-0.000655386,-0.0026643146
0.0005559886,-0.070478484
-0.001137616,-0.00584743
-0.0012438251,-0.0089869015
-0.00082202617,-0.007651329
-0.0008673426,-0.0075528473
-0.0010533682,-0.005123468
-0.00018493122,-0.010229155
-0.0014279141,-0.00462451
-0.0015052749,-0.0036478713
-0.0012083063,-0.0075090323
-0.00010317618,-0.009043977
-0.0023947295,-0.009377379
-0.0021048512,-0.008535059
-0.00026890798,-0.012930423
-0.0010566253,-0.012430752
-0.0007079805,-0.01117765
0.0023982555,-0.14177644
0.0007259676,-0.034192115
0.00039001898,-0.009537965
-0.0017129203,-0.009921238
0.00087253435,-0.04229661
-0.0017548118,-0.010215014
-0.001545523,-0.009287072
0.0009541492,-0.0060233474
-0.0002118284,-0.007437652
-0.0020551628,-0.00948441
-0.0013496286,-0.008840062
-0.00020902339,-0.033101194
7.941043e-05,-0.009859156
0.0008769398,-0.0058849826
-0.0017681088,-0.008524325
-0.0011075058,-0.007760823
0.0021989301,-0.090712324
0.0026414192,-0.1380924
-0.0002894497,-0.005762279
-0.0012327421,-0.003405504
-0.00094856345,-0.0038280338
-0.0008435708,-0.0032468159
-0.0011252242,-0.005474046
-0.00069631677,-0.019087534
-0.0007093812,-0.0060201995
0.0024294823,-0.1382587
0.00069658377,-0.062438056
-0.000972462,-0.026558511
-0.00092958094,-0.0201539
-0.0019192016,-0.009619299
-0.0017055966,-0.011088692
-9.2495015e-05,-0.037325926
0.0018112556,-0.06007103
8.07825e-05,-0.01117862
-0.0020368102,-0.008201063
-0.0016484254,-0.009438867
-0.0009700623,-0.0181912
-0.00018519373,-0.022246305
-0.0013722323,-0.010964822
-0.0013124582,-0.010844901
-0.00087680237,-0.01913618
-0.00017453251,-0.03545909
0.00015765034,-0.030367022
-0.00033860008,-0.018480223
-0.0004642597,-0.01071419
-0.0017842315,-0.010874661
-0.00079959695,-0.022968026
-0.00017236156,-0.030036451
-0.00024497823,-0.03306927
-0.00039718923,-0.024417307
-0.00072818884,-0.022353256
-0.0006826926,-0.018254451
-0.0006533264,-0.023096979
-0.0004967833,-0.028591922
-0.0009676946,-0.024464402
-0.00044069212,-0.025012787
0.00045368844,-0.03399284
-0.00025197788,-0.026369005
-0.0007721689,-0.019659977
-0.0004701157,-0.022821905
-0.000754223,-0.025166117
0.00020682478,-0.033685587
0.00026532414,-0.046859838
-0.000453325,-0.022042926
-0.0005977046,-0.017364241
-0.001330174,-0.019323792
-0.00052998593,-0.022873573
0.00019083342,-0.03638541
0.00033760612,-0.023262389
-0.0008864292,-0.018112114
0.00032110937,-0.031131692
-0.0011617139,-0.013417279
-0.00042044773,-0.010002304
-0.0004461215,-0.018186236
-0.00096790487,-0.010237731
-0.0012962456,-0.0095273405
-0.0015248728,-0.013505636
-0.0013056161,-0.01315796
-0.0017123186,-0.013840742
0.0015705586,-0.07594052
-0.001510001,-0.010037422
-9.033103e-05,-0.014725788
0.0007792902,-0.034343682
-0.0008030605,-0.02165555
0.0016699892,-0.063465424
0.00071573956,-0.03268601
-0.00051490514,-0.011012912
-5.4482094e-05,-0.00891036
-0.00077389413,-0.0070382953
-0.00046819344,-0.007524643
-0.0009728643,-0.012770282
-0.0009683608,-0.013673745
0.0020049282,-0.10844558
0.0001497155,-0.013004802
-0.00089142425,-0.0206084
-0.0009323708,-0.013317263
-0.00031524146,-0.014744779
-0.00062719925,-0.016781699
-0.0014065423,-0.012767017
0.003991871,-0.22342867
0.003907591,-0.2326724
-0.00048748928,-0.019606963
0.0035997827,-0.22468343
-0.0002863538,-0.023838805
-0.00063228374,-0.0142809
0.00031017943,-0.049303625
1.0369462e-05,-0.017509086
1.7877697e-05,-0.023180045
0.0001897069,-0.0092912335
-7.2156334e-05,-0.030816725
-0.00020265947,-0.018020887
-0.0006550928,-0.015126012
-0.00045920163,-0.0127033815
-0.00026006514,-0.010337703
-0.00063378917,-0.022423325
-0.0012797245,-0.013410477
-0.0009823098,-0.014253732
0.0013890313,-0.04257168
0.0002796214,-0.010127606
-0.0021832222,-0.009657927
-0.0010113545,-0.016193032
0.0013035508,-0.031853028
-0.0006633484,-0.011829566
-0.0011887517,-0.010960208
0.0014636124,-0.07103528
-0.00024333302,-0.020134233
-0.0002443292,-0.018417759
-0.00021902959,-0.022987548
-0.00044257694,-0.018575335
0.0008439639,-0.06925602
0.00064852403,-0.05184628
-0.00016258204,-0.012080133
-0.00018466328,-0.024876662
-0.00022233142,-0.015253294
-0.00010999509,-0.02065265
-0.00025648955,-0.024430431
-0.0008401804,-0.013033122
-0.00030022615,-0.015375625
-0.00019417203,-0.038454928
-0.00046217343,-0.019371351
-0.00029326405,-0.028097719
-0.0005423211,-0.033987425
-0.0005520412,-0.033909503
0.00015173876,-0.040270314
-5.2656644e-05,-0.038439136
-0.00048513495,-0.028352428
-0.0010427148,-0.028769935
-0.0003398985,-0.033909835
-0.000979979,-0.029324317
-0.00077308103,-0.032201607
-0.0005494092,-0.031666055
-0.0006872088,-0.026032014
0.0001232678,-0.036437705
-0.0003278061,-0.026175827
-0.0011314584,-0.020227624
-0.0010590525,-0.01888424
-0.001106224,-0.017104568
-0.0011134355,-0.019744271
-0.0015688606,-0.011181228
-0.00215965,-0.0038961153
-0.00034307304,-0.019092888
-0.0015138132,-0.010342233
-0.0018137551,-0.008505126
-0.0019563504,-0.0075024236
-0.00095445267,-0.01235779
-0.0016688217,-0.0101142
-0.0012492624,-0.016721392
-0.0010106779,-0.01868012
-0.0007260885,-0.016395174
-0.0011184057,-0.017008249
0.0006662208,-0.062082745
-0.0011786674,-0.009462304
-0.0015707704,-0.011849763
-0.00022565157,-0.026188616
0.00038995908,-0.05339276
-0.0015786199,-0.01120864
-0.0008883309,-0.010381669
-0.0004534095,-0.01188965
-0.0010801785,-0.01110095
-0.0009262931,-0.011654811
-0.0006654643,-0.011590894
-0.0004510219,-0.01113084
-0.0006910379,-0.009933043
-0.0006505038,-0.011502558
-0.0010686303,-0.013201999
-0.00085507805,-0.025627054
3.7990496e-05,-0.016043348
-0.00010276657,-0.014999922
0.0006138976,-0.013310276
-0.0011710764,-0.012398932
-0.0014482373,-0.0053853765
-0.0010062711,-0.009819439
0.000823478,-0.0076935217
0.0013231796,-0.079423085
-0.00053167855,0.0032117963
-0.0019030167,-0.0032581761
-0.0016475145,-0.004662309
-0.0010735764,-0.005495524
-0.0010791749,-0.0054473504
-0.0010480082,-0.005975809
-0.0016798483,-0.008466676
-0.00077631505,-0.007324256
-0.0015246433,-0.008292438
-0.0018434222,-0.009766055
-0.00045723974,-0.009497989
-0.0014572482,-0.010484109
0.0022018086,-0.109683596
-0.0002576568,-0.012951475
-0.00012184873,-0.012887737
-0.0005287249,-0.017404223
-0.00041073986,-0.0139686875
-0.00027526548,-0.013450671
0.0013866152,-0.0849458
-0.0006582481,-0.011227673
-0.0008534054,-0.012521824
-0.00041033578,-0.01639073
-0.0003171551,-0.013391368
-0.00034193252,-0.0143251605
-0.00028107857,-0.016673524
-0.00015930815,-0.01646006
-0.00053524744,-0.0230593
-0.00054258213,-0.018085605
-0.000342211,-0.014953457
-0.00045335013,-0.018221783
-0.0003699389,-0.020849973
0.00021498183,-0.02057641
-0.00092705194,-0.015392423
0.000168943,-0.028830247
4.976346e-05,-0.01351317
-0.0023064478,-0.008256966
0.0006566784,-0.010021096
-0.0019235954,-0.011486322
-0.002003457,-0.011516519
0.0008166849,-0.009914566
-0.0019319595,-0.009512451
-0.002063113,-0.008638404
-0.00093498983,-0.008451568
-0.0009109694,-0.008441448
-0.0009957484,-0.008828824
-0.0009954184,-0.008769827
-0.0008970791,-0.00971419
0.0007165643,-0.063798465
-0.0005470369,-0.01869592
0.001727418,-0.09207258
-0.0004052351,-0.038469627
-0.0011097487,-0.012276741
0.0016907612,-0.07663244
-0.0008273864,-0.014854204
-0.00035127142,-0.031285964
6.9361515e-05,-0.05521678
0.0022711488,-0.10485781
-0.0003720498,-0.018581796
0.00052159844,-0.038882915
0.00089310174,-0.0528796
-0.00033402216,-0.02175697
0.001689348,-0.11067669
0.0006608886,-0.049528833
-0.00016805291,-0.02143956
0.00011474143,-0.030870238
-0.00052690686,-0.0055332333
-0.000505749,-0.0070320293
0.00085001753,-0.07718927
0.00011447469,-0.023432931
0.00070221536,-0.069324896
-0.0002974001,-0.012665082
0.0005601926,-0.087953046
-0.0007263005,0.0002278015
-0.00030020898,-0.040929116
-0.0014731404,-0.0062876493
-0.0010395299,-0.029967427
-0.0015344366,-0.01558594
-0.0016267085,-0.011336582
-0.0011391821,-0.016449219
0.00049264653,-0.05999827
-0.0013971728,-0.009705225
-0.0013314189,-0.01019026
-0.0015367987,-0.012381194
0.0011611463,-0.09090003
-0.0015764809,-0.016228262
-0.00154977,-0.011686765
-0.00081880344,-0.01645098
-4.1108724e-06,-0.029332886
0.0005424054,-0.032817416
-0.0011546996,-0.0122819
-0.000944678,-0.013055351
-0.00020686311,-0.026570598
0.0024645345,-0.110145986
0.00029043894,-0.025105886
0.0006549663,-0.037301075
0.0016837415,-0.06917736
0.00073616294,-0.036681432
9.446914e-05,-0.026940502
0.0007610138,-0.04829113
-0.0002018042,-0.022555761
0.0009663141,-0.055540085
0.00033285166,-0.045725204
-0.00018408934,-0.033833478
-0.0005646791,-0.023817588
-4.717976e-05,-0.032977615
-0.00040282175,-0.025343996
-0.00012964224,-0.043330252
-0.00038811722,-0.032014146
-0.000540009,-0.033254385
-0.00068405515,-0.034720283
-0.0005884597,-0.03276871
-0.0003200033,-0.038941808
-0.00059834804,-0.038769364
-0.00021946011,-0.043153502
-0.00068272976,-0.03815949
-0.00066056923,-0.041109405
-0.00074790313,-0.0385802
-0.0007459462,-0.040632512
-0.0009123131,-0.037468374
-0.00023224192,-0.031008564
-0.0012012083,-0.027663684
-0.000117960284,-0.016491402
0.0003488888,-0.017869474
-0.0023808812,-0.00920083
-0.0014128172,-0.01632025
-0.00090197416,-0.023616016
-0.001078783,-0.013285559
0.00066717144,-0.014633065
-0.0009006326,-0.008586753
-0.0023914743,-0.009342615
-0.0012787222,-0.010241909
-0.0012045418,-0.009614263
-0.001753568,-0.010059733
-0.0016631921,-0.0072640255
0.001115493,-0.05711833
0.0009816946,-0.027873874
7.964365e-06,-0.012057353
-0.0016274289,-0.0108006485
-0.0011156095,-0.0139871985
-0.00082036847,-0.015191358
-0.00029755698,-0.025537614
-0.0013173858,-0.01414812
-0.0009928114,-0.013891498
-1.899949e-05,-0.019483197
-0.0006399222,-0.01641351
-0.0006063314,-0.016393032
-0.00035949092,-0.018203316
-0.0008094035,-0.01520936
-4.5802866e-05,-0.028211297
-0.00038353767,-0.015007712
-0.0005485579,-0.011634182
0.00030765258,-0.010521147
-0.0014483512,-0.0110482685
-0.0012905747,-0.009171486
-0.0010801499,-0.012305625
-0.0006076017,-0.0096271355
-0.000115343566,-0.027547708
-0.0002710836,-0.0073470064
-0.0015349281,-0.0056435987
-0.0010088251,-0.012763958
-0.0017067004,-0.008628702
-0.0015126462,-0.008882482
-0.0013775305,-0.007505458
-0.0013172006,-0.009254307
0.001290466,-0.032502797
-0.0020374116,-0.00998654
-0.0020431406,-0.011201477
0.0010670812,-0.025268205
-0.0017597743,-0.010161996
0.00067686086,-0.0070692487
0.00053950783,-0.0074469224
-0.002098938,-0.008452287
0.0005085807,-0.0073764026
-0.001607016,-0.009876827
-0.0018888654,-0.00885695
0.00090840925,-0.0071943663
0.00026540243,-0.0014235005
-0.0016908878,-0.0035263263
-0.0018629346,-0.009705238
-0.0004657879,-0.008426528
-0.0013350289,-0.008658659
0.0013765461,-0.043317832
-0.000701369,-0.0070628934
0.00032863312,-0.0049150027
-0.0015692196,-0.007897891
-0.0015937062,-0.008099686
-0.00033690082,-0.007767422
-0.00046841078,-0.006810451
-0.00088680466,-0.005233802
0.0001742197,0.002467744
-0.001664791,-0.010800026
-0.0015110353,-0.009034321
-0.00068850245,-0.009344809
-0.0010792962,-0.00781708
-0.0010812731,-0.0074365363
-0.0011646801,-0.008286849
-0.0009038248,-0.01983948
-0.00094651233,-0.0069828406
-0.0014470221,-0.015271585
-0.0010484925,-0.006107252
-0.0012186046,-0.007099334
-0.0002645108,-0.007060146
-0.0006983028,-0.004400935
-0.0014969851,-0.009366464
-0.0010143906,-0.015204178
-0.0013392048,-0.0096169
0.00053213636,-0.0052271876
0.0004587887,-0.0042916276
-0.0011071786,-0.0019479506
-0.0018622563,-0.008707484
0.0030519427,-0.18161258
-0.00016588323,-0.0067993067
-0.0018182406,-0.011135513
0.0010310241,-0.02922226
-0.0013832825,-0.0088933855
-0.0013490407,-0.019756526
-0.00052397436,-0.028976098
0.00049414753,-0.023668118
-4.493291e-05,-0.024745163
0.002098225,-0.12550405
0.0010163102,-0.07776563
-0.00020204397,-0.020700138
-0.00093533256,-0.018671043
0.0010585871,-0.059108283
0.00064264797,-0.054908827
-2.814499e-05,-0.021851074
0.0018149929,-0.06247369
-0.0010279354,-0.012814332
-0.00094397477,-0.01323344
0.00026140717,-0.061519958
0.00058615184,-0.02617998
-0.00076946925,-0.014579397
0.0006031632,-0.04185707
-0.00031460705,-0.022000398
0.00020805081,-0.040152844
0.0016189865,-0.051943973
0.0011780973,-0.039857317
-0.0011514139,-0.011900011
-0.0013947748,-0.01330211
-0.0015082856,-0.01230203
-0.00088390056,-0.013128767
0.0019050988,-0.06962954
-0.0008000848,-0.013165858
-0.001627355,-0.011325635
-0.00089057133,-0.0137435645
0.0006447127,-0.033850472
-0.0012790108,-0.012841145
-0.000952599,-0.015167603
-0.001160503,-0.013853051
-0.0009408571,-0.014667219
0.0007208932,-0.013887029
-0.0017334326,-0.011285048
0.0014506505,-0.07084023
0.0012049273,-0.06254567
0.00018718775,-0.035733815
-2.9292569e-05,-0.029677346
-0.0004359195,-0.019392736
-0.0013849819,-0.011582574
-0.0020869132,-0.010583293
-0.0006057044,-0.010948129
-0.00163897,-0.011190189
-0.0014739725,-0.011836758
-0.000991317,-0.012694901
-0.00058039103,-0.021740379
-0.0006048613,-0.021208238
-0.0010878308,-0.014264885
0.001534254,-0.047121435
0.00072438386,-0.033387903
-0.00015119766,-0.016388489
0.00032442418,-0.020050658
-0.0002882764,-0.00930945
-0.0011656877,-0.009923674
-0.001199801,-0.009350022
0.001328214,-0.08507824
0.0004413129,-0.030555403
-0.00046181784,-0.0023738109
-0.00056132535,-0.00048061833
-0.00093574804,-0.0020960104
-0.00064136117,-0.003487341
0.00025473064,-0.04953385
-0.00052252354,-0.015712507
-0.00062782003,-0.0066237897
-0.0014159442,-0.009688789
6.3491476e-05,-0.03930418
-0.0009267009,-0.006073568
-0.0009999204,-0.0068870317
-0.0010239582,-0.004634088
-0.0013288213,-0.0051580966
0.00014598582,-0.042129915
-0.0011523523,-0.019223811
-0.0022010542,-0.010214925
0.00074504706,-0.007703528
-0.0017751291,-0.010784393
-0.0018424203,-0.010309193
-0.0009064849,-0.01127594
0.0008686386,-0.006823456
-0.0016889672,-0.010114089
-0.0017948961,-0.009217521
-0.0015003083,-0.0060263835
-0.0009856453,-0.009655185
0.0008631038,-0.0066457354
0.00020422948,-0.006472215
-0.00073639845,0.0030577108
-0.001704069,-0.0054379255
-0.0013681361,-0.005721774
-0.00085325504,-0.007187642
-0.0010251595,-0.0153629
-0.0013081622,-0.011521151
-0.0009813869,-0.0080954265
-0.00031567411,-0.006386161
-0.0014419474,-0.009402111
-0.0010779708,-0.009610178
-0.0009670701,-0.007494293
0.0024327915,-0.11275498
-0.0012030355,-0.0087472275
-0.001195561,-0.010234207
-0.00091035716,-0.015087102
-0.0012785158,-0.013911935
0.000478892,-0.01687393
-1.738027e-05,-0.013784468
0.0015496862,-0.07478741
0.000882992,-0.060099576
-0.0014572187,-0.012610469
-0.0010809697,-0.012416134
-0.0005568409,-0.017194133
0.00012703826,-0.021713953
-0.00022898546,-0.016168065
0.0008573403,-0.049688857
0.0008040447,-0.03492923
0.0010436049,-0.049867347
0.0010545407,-0.06325121
0.00016916967,-0.040811457
0.00021394492,-0.03522413
0.0013509226,-0.0765081
-0.001027897,-0.01628049
-0.0008153826,-0.020166628
-7.8372555e-05,-0.02248394
0.002150071,-0.11836928
0.00034977501,-0.036140256
-0.0007853591,-0.017447503
-0.00019762517,-0.025307572
-0.0007137764,-0.020364892
-0.000412354,-0.020988375
2.6333e-06,-0.020709869
-0.00050727814,-0.021525998
-0.0004267026,-0.02255171
0.00012596951,-0.01851376
-0.00041478977,-0.017638123
0.0012481358,-0.06407022
-0.0006469095,-0.0164854
-0.00088994176,-0.01310938
-0.00046172913,-0.013026265
0.0006833927,-0.024934225
0.00016122752,-0.020125939
-0.001207492,-0.012314834
0.00070868764,-0.018295841
-0.00058350316,-0.008753596
-0.00081712316,-0.008918583
-0.0011777614,-0.0114937145
-0.001549132,-0.0101798065
-0.0012468591,-0.011405919
-0.00045495754,-0.023625083
0.00020120882,-0.030579746
-0.00050192635,-0.026463564
-0.0012185861,-0.011520371
0.0012926796,-0.055334516
-0.0015544904,-0.013275018
-0.0016673912,-0.015260905
-0.0015088818,-0.015651057
-2.7944217e-05,-0.032783125
-0.0014985723,-0.015326349
-0.00068584445,-0.027322687
-0.0011975446,-0.019472212
0.00032736064,-0.044231344
2.9796836e-05,-0.03299237
0.0010233,-0.042318195
0.00061927014,-0.030194651
0.0007420776,-0.04705607
-0.0009262721,-0.006050449
-0.00096998597,-0.0076828264
-0.0013939502,-0.00990865
-0.00058631954,-0.0069150925
-0.0015051519,-0.011156134
-0.0016251642,-0.011940492
0.0015692691,-0.060553946
-0.00028133043,-0.009645192
0.0014487316,-0.08207511
-0.0014045911,-0.012585096
-0.00097344763,-0.012997199
0.0025757507,-0.13623056
-0.000603789,-0.0071953125
-0.0013930248,-0.0091132745
-0.0009970827,-0.010286069
-0.0009102316,-0.009785997
-0.0016015486,-0.0130843185
0.00039855408,-0.009486631
-0.001031621,-0.008841272
-0.001130957,-0.0061316043
-0.0008386264,-0.0069403984
-0.0014698606,-0.0103868
-0.0011336642,-0.009454658
0.0008284646,-0.008725274
0.0004733235,-0.0050532017
-0.001634595,-0.008063706
0.00044969365,-0.0060903244
0.00046968088,-0.0065794587
-0.0003703318,-0.0018498898
-0.0006581077,-0.0021395795
-0.00057513407,-0.00262562
-0.00029523467,-0.0030894578
-0.0006624371,-0.0034435876
-0.0004061695,-0.0032322183
-0.0020075003,-0.005063355
-0.0016539838,-0.009353209
0.00018181773,-0.008951876
-0.00032969203,-0.008326519
0.0033374976,-0.20652306
0.00016715184,-0.006313514
-0.000104319784,-0.00018071383
-0.00032423495,-0.0014843866
-0.0011918627,-0.0040219054
-0.001639266,-0.009931684
-0.0014928565,-0.010983065
-0.0011509464,-0.010513902
-0.0005246434,-0.010461677
-0.0008917516,-0.026378123
-0.00162619,-0.010971509
-0.00071563164,-0.015778065
0.00034324796,-0.020744536
0.0013152137,-0.07010894
-0.00038651522,-0.02854427
-0.0009464971,-0.019098785
1.7205297e-05,-0.018879503
-0.0009369378,-0.020195521
-0.001263427,-0.0131001305
-0.00061026134,-0.015604997
0.00018115286,-0.027337115
4.335995e-05,-0.024998827
0.0009953788,-0.042508695
-0.00065634534,-0.01627901
-0.0007201988,-0.013695855
-0.00043214875,-0.015200453
0.000113119095,-0.019039545
-0.00085892476,-0.013981501
-0.00089174876,-0.013586566
-0.0007205008,-0.018381558
-0.0009917944,-0.017269572
-0.0010183924,-0.020889789
-0.00090914103,-0.021345424
0.0005111726,-0.053508677
-0.0005906975,-0.022280514
-0.0008973425,-0.017849334
-0.0007478362,-0.018029572
-0.0009478534,-0.016879464
-0.00085638685,-0.017032266
-0.0012733939,-0.014356451
0.00013354832,-0.04178408
-0.0010013831,-0.017608691
-0.0010434625,-0.017098334
-0.0010536188,-0.01717934
-0.0006002379,-0.021830836
0.00033125706,-0.055613257
0.0001507532,-0.05127801
0.00021055834,-0.054695003
0.0004134978,-0.06149877
0.00049939903,-0.06564598
-0.0013591051,-0.013372108
0.00081127667,-0.057188895
0.0007131973,-0.05345592
-0.0001443338,-0.0298715
-0.0009931857,-0.013884611
-0.00041269523,-0.019788198
-0.000287043,-0.017329121
-0.0005608523,-0.014270525
-0.0006172946,-0.0144020915
-0.0002319974,-0.027598105
-0.0006449297,-0.016222313
-0.0007073471,-0.017847735
-0.0008783707,-0.014420327
6.4348897e-06,-0.0201702
-0.0007969955,-0.009466514
7.438545e-05,-0.016823083
2.103018e-05,-0.016260453
7.70147e-06,-0.01670467
6.306902e-06,-0.014029697
2.4630841e-05,-0.022534646
3.0143041e-05,-0.03407608
0.0008288752,-0.088040665
0.0002226759,-0.062059768
-0.00013261757,-0.016512744
-2.0294232e-05,-0.020056069
-0.00015560548,-0.015057571
-0.00055335934,-0.019096445
-0.000820976,-0.027387366
-0.0019244612,-0.02459217
8.3668114e-05,-0.039779764
-0.0007452271,-0.01606581
0.000956281,-0.06721494
-0.00044887682,-0.020791452
-0.0011865292,-0.013973666
-0.00088261545,-0.017092817
-0.0005343205,-0.01930638
-0.00080717774,-0.013370581
-0.0011301104,-0.013594676
-0.0011213341,-0.012522446
-0.0009820171,-0.01365683
-0.0006111942,-0.020350145
-0.0005971358,-0.016110623
-0.0001386179,-0.013774773
-0.0002241252,-0.01755643
-0.00016702329,-0.0155081935
-0.00042880303,-0.02993085
0.0011318021,-0.07545073
0.00019335414,-0.020133441
-2.9755247e-05,-0.010082422
-0.00055490335,-0.014740907
-0.0002765092,-0.012896452
-0.0004971827,-0.01461632
-0.00023882081,-0.035221223
-0.0003600599,-0.024295093
6.773225e-05,-0.04350081
-0.0002478335,-0.016795589
0.00038366724,-0.05743488
-0.00034198648,-0.027753849
-0.00039133983,-0.017870389
-0.00034397194,-0.012537874
-0.0003824159,-0.0120737385
-0.00092612026,-0.014225032
1.7559985e-05,-0.015743714
-4.9111528e-05,-0.017098852
-0.0012416962,-0.012526555
-0.00063277094,-0.018037038
0.00013021701,-0.015309455
-0.0012871205,-0.012459159
-0.0011483282,-0.013477594
-0.0004875862,-0.022537671
-0.00066855707,-0.016015673
-0.00081885397,-0.017240545
-0.0009355107,-0.014143888
-0.0009510148,-0.013978578
-0.00087364734,-0.01521142
-0.0010931656,-0.013245186
-0.0008591843,-0.014702879
-0.001253823,-0.013575399
0.00030856347,-0.045223568
-0.0008508506,-0.015610911
-0.001388316,-0.013815859
-0.001631147,-0.013143271
-0.00065109396,-0.023578033
-0.0011562553,-0.01668891
-0.001098073,-0.01671867
-0.00083717366,-0.020724786
0.00063553435,-0.0536609
-0.0013301554,-0.017642327
-0.0012227282,-0.018170558
-0.0009615501,-0.021318298
-0.0008106846,-0.023284754
-0.00082534447,-0.023215301
0.0007476131,-0.06878239
-0.00039478822,-0.029169887
0.00022739566,-0.031889286
0.0021785735,-0.1439461
0.00020171657,-0.03633928
0.00022700425,-0.015302515
2.3734174e-08,-0.021346126
-0.0001330726,-0.028565463
-4.2567626e-05,-0.013642486
-3.2266908e-05,-0.0230713
-0.00014370841,-0.036060456
0.0016708084,-0.12461882
0.00075349025,-0.08183922
-0.00052240497,-0.026758138
-0.00048761186,-0.027593283
-0.00034188898,-0.030832523
-0.00047850033,-0.021783987
-0.0002454883,-0.022693831
-9.414648e-05,-0.018183008
-0.0001771869,-0.015723644
-0.0001525876,-0.018553684
1.1486249e-05,-0.022425707
2.9538947e-05,-0.022451056
-0.0009079877,-0.012513138
-0.0007226648,-0.01708586
-5.2485317e-05,-0.032774728
0.0003758722,-0.048536386
-0.0006037007,-0.013574151
0.0010601606,-0.0788871
0.00060341426,-0.058086928
-0.0009706479,-0.006320946
-0.0015837788,-0.011288358
-0.00040913152,-0.02840883
-0.000449492,-0.013545422
-0.00047863577,-0.009495001
-0.00052706635,-0.007036967
-0.0005168098,-0.01744948
-0.00052855577,-0.01115362
-0.0005576731,-0.0053391308
-0.00042333652,-0.008846518
-0.00023323031,-0.0063633285
-0.000442639,-0.0043653883
-0.00039178098,-0.004594449
-0.0005857291,-0.0037950166
-0.00022365562,-0.0018017851
-0.00013241537,-0.0024294257
-0.0013623536,-0.01576075
-0.00105359,-0.012862992
-0.00083160296,-0.015261043
-0.00088631804,-0.014661733
0.00036969339,-0.009156799
0.00036183762,-0.006255759
-0.00045846758,-0.0051480383
0.00035874516,-0.007274702
-0.00036089384,-0.008691259
0.0004572221,-0.003322918
0.00024395702,-0.0034509115
0.00012826493,-0.0010491386
0.0003343515,-0.028951447
-0.0017583026,-0.0060313717
-0.0003421072,-0.006631816
-0.00035597017,-0.03268264
-0.0006328594,-0.018181052
-0.0002331336,-0.011525147
-0.00043650664,-0.013245538
-0.0006446339,-0.009343648
-0.00043215218,-0.008442525
-0.00047488016,-0.021980926
-0.0009051529,-0.007680388
-0.0005911035,-0.01347246
-0.0004348592,-0.028977536
0.00053393375,-0.007980064
-0.0005505226,-0.0074336417
-0.00030685076,-0.007141117
-0.00013952992,-0.0119700935
0.002265211,-0.14907297
0.00027227442,-0.011600291
-0.00023992827,-0.010543784
-0.0001762729,-0.009789785
0.0006133986,-0.0067633167
-0.0002656547,-0.009909844
0.0011268475,-0.09056806
-0.00058549,-0.008416615
2.4988185e-05,-0.008944135
4.0388535e-05,-0.010451237
-2.7083457e-05,-0.011329353
-0.00018283243,-0.0080742985
-0.0006485571,-0.012989143
-0.00079723424,-0.013980338
-0.0006368699,-0.017748618
-0.0004974764,-0.017577503
0.0003661522,-0.0063118897
4.2603337e-05,-0.008944826
-7.801266e-05,-0.0076742005
-0.00030569406,-0.017117234
-2.2173e-05,-0.011729313
-9.9685116e-05,-0.009115338
-0.0005181253,-0.008720189
-0.00044557877,-0.0083156675
0.00042515958,-0.04410127
0.00017762497,-0.0045911763
-9.0525675e-05,-0.0054417197
-3.4467565e-05,-0.006832976
-9.9065146e-05,-0.00895137
-0.00031308184,-0.011635177
-0.0003787689,-0.00972037
0.000294463,-0.005160801
-0.00046090025,-0.007510014
-0.00050326576,-0.007629972
-0.00025576865,-0.011116443
0.0014089886,-0.10549876
-0.000115883595,-0.021338891
-0.00012555874,-0.01907409
-0.0003311113,-0.012597278
-0.00011834875,-0.030403187
5.28861e-05,-0.034775924
0.00014414104,-0.010350991
-0.00036344747,-0.019593176
-0.00016795933,-0.012633763
-0.00054929056,-0.012878485
7.4796626e-05,-0.0371176
5.0778806e-05,-0.030878875
-0.00043182803,-0.012672197
-0.000528929,-0.011213331
-0.00043993385,-0.022837847
-0.00026941026,-0.016600393
-0.0005401823,-0.021387596
0.0002462939,-0.011652499
-0.0003840548,-0.0137003455
-0.00040844159,-0.014419096
-0.0005065208,-0.020306885
-2.4044195e-05,-0.041318104
-0.00031395606,-0.02245257
-0.0004316289,-0.014868014
-0.0005351048,-0.015137386
0.0024463483,-0.14820719
-0.00069822284,-0.017321045
-0.0004547154,-0.018380657
-0.00050291565,-0.017703235
-0.0005051992,-0.018452875
-0.00048443087,-0.033517007
-0.0004843672,-0.028000643
-0.0007973128,-0.023929931
-0.00043726858,-0.024759904
-0.00052146247,-0.023518447
-0.00052726985,-0.01888619
-0.0005595954,-0.01634575
-0.00037738512,-0.024558451
-0.00018658434,-0.036839593
-0.00034651568,-0.019437023
-0.00019491492,-0.026365278
-6.6683e-05,-0.010260858
-0.00031613436,-0.013449635
-0.0004782204,-0.0084720515
-0.00040540518,-0.019315425
-0.00030340726,-0.021722835
-0.0006453256,-0.013962848
-0.00019770875,-0.02410585
-0.0002159732,-0.018594284
-0.00026938127,-0.026733525
-0.00037752534,-0.010629352
-0.00076567277,-0.016352288
-0.0003965717,-0.007288445
-0.0007260343,-0.010360852
0.0004889148,-0.029668337
0.00033637643,-0.0054078363
-7.118286e-05,-0.0054146275
-0.0006399441,-0.0071624964
0.00022199539,-0.0065327883
-0.000384174,-0.0069790967
0.0002761208,-0.0069736093
0.00024053834,-0.010545351
-2.0054766e-05,-0.005711727
-0.00035256235,-0.009407181
0.000102617414,-0.0032712463
0.000118805256,-0.005202554
2.3238586e-05,-0.03634854
-0.000116764786,-0.02385542
-6.9590475e-05,-0.011212368
-0.00025371864,-0.007918987
3.1566917e-05,-0.028144706
5.2886026e-07,-0.021463921
-0.0005108738,-0.011087853
-0.0004551268,-0.008436117
-0.00016232925,-0.00955138
-0.0003779409,-0.019456178
-0.00038250955,-0.01815831
-0.00033552886,-0.008013688
-0.00030006975,-0.008263025
0.0028815058,-0.17483109
-0.00034347997,-0.014705364
-0.00046016183,-0.015270617
-0.00059276336,-0.013122227
-0.00036264025,-0.021428667
7.359397e-05,-0.01026421
-0.00011507668,-0.008090481
-0.00018328837,-0.008744493
-0.00039653003,-0.014831416
-9.9546174e-05,-0.018916741
-0.0002944995,-0.0124730915
-0.00025930698,-0.020721374
-0.00029180656,-0.023008991
-0.00040390156,-0.016004253
0.0021808848,-0.17187905
0.0020036355,-0.15027206
2.5806396e-05,-0.034545682
0.000114088194,-0.040453583
0.0016579778,-0.11726255
0.0025118017,-0.1909698
0.00016669508,-0.084214106
-0.00011005507,-0.04220693
0.0010533391,-0.11147547
-0.00046366669,-0.03181831
0.0008200311,-0.089193314
-9.278147e-05,-0.048539624
-0.0004415901,-0.03808931
-0.00075679796,-0.018330624
-0.00031459494,-0.03252273
-0.00031406037,-0.028468143
-0.00040085363,-0.02390316
-0.00014469452,-0.03052397
-0.000592766,-0.021715885
-0.00027989846,-0.023243476
-0.0004438961,-0.026238818
-0.00046439283,-0.025377618
-0.001347803,-0.016893322
-5.9374768e-05,-0.03013376
-0.00023212125,-0.024682773
-0.0013588503,-0.012670446
-0.0013155872,-0.01266218
0.00018071964,-0.031405345
0.0011617836,-0.07628177
-0.000874883,-0.010561446
-0.00031707855,-0.015751641
-0.00052397273,-0.02197916
-0.0005432078,-0.020981438
-0.00017076671,-0.012589831
-0.00010658543,-0.026309457
-0.0005585506,-0.017305844
-0.0006266934,-0.009072822
-0.0001179127,-0.016122077
0.0007277725,-0.06148217
-0.00035941857,-0.018428106
-1.8037084e-05,-0.013737107
8.257441e-06,-0.015533514
1.4517267e-05,-0.01290369
0.002194845,-0.17042232
-0.0003607722,-0.024177954
-0.00028760132,-0.018228028
-0.00065402687,-0.010332508
-0.00019007949,-0.026189359
-0.0007124702,-0.0143951215
-0.00049571006,-0.014540574
-3.0478535e-05,-0.021472229
-0.00044419942,-0.015274625
-0.00047581946,-0.013054302
-0.0005545833,-0.013734585
0.0011513237,-0.08362991
-0.0005053351,-0.017991824
-0.0007083496,-0.014365885
-0.0006202265,-0.015849592
-0.00066316535,-0.016062694
-0.00013162776,-0.02042287
-0.00021299747,-0.022596395
-0.0003689059,-0.012457419
-0.001118078,-0.008037277
0.0010165148,-0.0793663
-0.0006628527,-0.017076038
-0.00086362165,-0.014756562
0.0004748667,-0.04957161
0.0015072195,-0.09728459
-9.900243e-05,-0.020328084
0.00048300234,-0.06356725
-0.00027864048,-0.02024028
-0.00030895264,-0.01582289
-0.0001696405,-0.02810594
0.00022833962,-0.047562208
-0.00014022236,-0.02334024
-0.00022334185,-0.015687922
-0.00046711182,-0.015420759
-0.0004845329,-0.018584315
0.0037643977,-0.27469897
0.0015207794,-0.17544937
4.835618e-05,-0.05108571
-0.00017139867,-0.04052708
-0.00037277915,-0.027740713
7.0856404e-05,-0.038562194
0.00016254763,-0.03743171
0.0011532353,-0.09078403
-0.000100339465,-0.021097846
0.00045677664,-0.056252517
0.00035359355,-0.05505573
-0.0002086127,-0.022571359
0.0025817645,-0.19821954
-0.000371638,-0.028722472
0.00015426222,-0.058794692
1.3065335e-05,-0.050360113
0.00012141629,-0.038842704
7.539784e-07,-0.03108698
-5.818899e-05,-0.042239487
7.465818e-05,-0.05709552
-0.00032193895,-0.03006876
-2.0838583e-05,-0.035585765
-7.8658326e-05,-0.036058597
-0.00037437154,-0.03157248
-0.0002300913,-0.031001389
-0.0003794668,-0.02927671
-0.00041311455,-0.0280496
-0.00034847198,-0.03231411
-0.00015924161,-0.031279065
0.0010124831,-0.088248625
-0.0005189923,-0.023880882
4.5555433e-05,-0.033145577
-0.00034798565,-0.027823314
-5.59724e-05,-0.031135647
1.6853475e-05,-0.026722817
-0.00020907923,-0.01888226
2.5027635e-05,-0.01899183
0.00026874698,-0.031261828
-0.00041973573,-0.014813766
-0.00039829698,-0.014327763
0.00034010469,-0.01693367
-0.000101884085,-0.010955941
-0.0014310299,-0.011552174
-0.0012350521,-0.012545751
0.0005591888,-0.019238036
0.00063853664,-0.009216856
-0.00089089456,-0.014958154
0.0013264833,-0.0881725
0.00029523025,-0.023684934
6.834199e-05,-0.014599616
8.613494e-05,-0.022635587
-5.8479447e-05,-0.005726844
-8.988849e-06,-0.01968209
-0.0001297457,-0.017474622
-0.00012701245,-0.013870407
-0.00021318499,-0.012983263
-0.00018681218,-0.016285328
-6.894204e-05,-0.02405031
0.0010518378,-0.0969508
0.0010053143,-0.09392245
-0.0003134145,-0.0139227025
-0.00022171374,-0.030214693
-0.00031283614,-0.029674396
-1.7830062e-06,-0.036265507
0.0009394436,-0.09057173
-0.00026597647,-0.02674189
-0.0002243321,-0.029083237
0.0001440361,-0.035556387
0.00016446234,-0.034588814
-8.39148e-05,-0.024335325
0.00031574152,-0.0397119
-0.0001967062,-0.030589176
7.203089e-05,-0.026515057
0.00019281408,-0.035829835
0.00017430265,-0.062487252
-0.0004395481,-0.029052785
4.0582745e-05,-0.031720947
-0.00038650748,-0.02751435
-0.0004934617,-0.024062809
-9.8984485e-05,-0.02554056
-0.00047045108,-0.024492484
0.0005261972,-0.05035428
-0.0008174449,-0.021692254
-0.00026905787,-0.026647214
-0.0005138836,-0.023765001
-0.00043701043,-0.027083293
-0.00066670455,-0.024073727
-0.0003334065,-0.024990741
-0.00016361092,-0.030211274
-0.0001419542,-0.022570647
-0.000590523,-0.018670375
8.840689e-06,-0.021939542
-3.4380522e-05,-0.02457254
-0.00034384982,-0.018774744
-0.0008479852,-0.012308069
-0.00076905504,-0.0150841195
-0.0011149065,-0.013602648
-0.00082068413,-0.016639305
-0.0009015262,-0.0154600255
-0.00020930318,-0.02052127
0.00046058744,-0.03706403
0.00013372708,-0.010727437
0.0015218926,-0.09483887
0.00011215014,-0.0360768
-0.00050131796,-0.011115054
-0.0013154617,-0.011999773
6.408275e-05,-0.011931179
0.00065444224,-0.0553264
0.0004802902,-0.046503134
-0.0009825171,-0.015519641
-0.00010129121,-0.01839208
-0.0005515799,-0.01703648
0.00049808953,-0.04577978
0.0009533835,-0.053637616
5.1656374e-05,-0.012699623
-0.0004923302,-0.011922903
-0.0002071215,-0.021104071
0.00026522554,-0.0135224275
-0.00011712896,-0.010500744
-0.00019104255,-0.01190418
-8.637682e-06,-0.009123502
-0.0004093119,-0.014063533
-0.00014743155,-0.014681265
0.000109311295,-0.0154670775
6.186239e-05,-0.008543465
-0.0011107833,-0.011535302
-0.0005367061,-0.011564704
0.0019776986,-0.11117365
0.00040892867,-0.029426312
-0.0003671304,-0.0075271893
0.00021680909,-0.020639248
0.0012944057,-0.08780921
-0.0003435379,-0.009425927
-0.00017809078,-0.015938452
-0.0008877749,-0.010734532
0.0008721494,-0.07036963
-0.0003417022,-0.015375201
-0.0016589041,-0.009201424
-0.00016770345,-0.0114355665
0.0016266019,-0.0879449
-0.00083693175,-0.014989408
-0.0006160032,-0.01587362
-0.00012815493,-0.023317473
-2.7276132e-05,-0.02541072
-0.0004107689,-0.016843695
1.8049948e-05,-0.027129844
-7.624543e-05,-0.02081769
-0.00067764055,-0.022448376
-0.0006432201,-0.017956566
-9.503781e-05,-0.022236187
0.0002493079,-0.026439253
0.00045108184,-0.011727592
-0.00013526125,-0.01239207
-0.00030502363,-0.013106702
-3.2181997e-06,-0.02650377
8.542252e-05,-0.008932844
-7.3180345e-05,-0.015222771
-0.0009031632,-0.015403036
-0.0009157143,-0.011230122
-0.00012728204,-0.015418891
0.00013735965,-0.016808737
-4.0929022e-05,-0.009870049
0.00025992095,-0.034325074
0.0015118748,-0.12229007
-0.0007946336,-0.014602322
0.00016375483,-0.0374022
0.000604518,-0.053674445
-3.54027e-05,-0.012100596
-0.0015118637,-0.011211028
-0.0011575803,-0.012125175
0.0015954445,-0.07648544
-0.0006441245,-0.017045455
-0.000776727,-0.014526924
-0.0006901742,-0.017018102
-0.0004327197,-0.017710939
-0.0006108374,-0.019396381
-0.00061889633,-0.01984175
0.0014049351,-0.07989746
-0.0005362073,-0.018946338
4.580032e-05,-0.039503355
-0.00039524277,-0.024374127
0.00016499918,-0.013077131
-0.0005226628,-0.019432072
-0.00047744595,-0.020757481
-0.000119900295,-0.031613037
-0.00044775195,-0.021181406
-0.000483964,-0.01970412
-0.00043284363,-0.025425391
-0.0004904422,-0.017907165
-0.00023330211,-0.029783342
-0.00039550185,-0.019034792
0.00062941643,-0.01126935
0.0031207195,-0.19746137
4.640319e-05,-0.007205315
4.9147973e-05,-0.005361328
-0.00121766,-0.008896178
-0.0014936571,-0.010774171
0.00080600777,-0.0063970517
-0.0008477898,-0.009387016
-0.0012684547,-0.01131488
-0.0010118063,-0.010775993
-9.1704205e-05,-0.010513773
-0.0006927055,-0.009104844
-0.0011977401,-0.00955797
-0.0010269863,-0.008873945
-0.00092494756,-0.00849862
-0.0010912752,-0.011272335
-0.00067923276,-0.017964227
0.0023334406,-0.12430742
-0.0011499943,-0.011174843
-0.0011804615,-0.010655832
-0.0007393076,-0.009993985
0.0006015572,-0.013697157
-0.0005385226,-0.012179652
-0.0007396388,-0.012366958
0.0020423045,-0.12225026
7.400494e-05,-0.024436701
-9.96733e-05,-0.020008098
-0.00021364407,-0.023275021
-0.0011312224,-0.010333169
-0.0011498106,-0.0128556285
-0.00063197024,-0.012076579
-0.00062625145,-0.0120154265
-0.0005126117,-0.01578352
-0.0010182231,-0.0104317255
-0.0009102672,-0.011064047
-0.0006033911,-0.018934757
0.00024536363,-0.03178269
0.00071042695,-0.007840322
-0.0014331379,-0.009568665
-0.001637661,-0.008894118
-0.00058288965,-0.018452002
0.0006656698,-0.011408519
-0.0013548906,-0.010526951
-0.0012506745,-0.007600542
-0.0008326099,-0.008457398
-0.000831006,-0.0083057545
-0.0008293579,-0.008256592
-0.00084017083,-0.008380998
-0.000662845,-0.014993625
-0.00075979886,-0.013842948
-0.0007940895,-0.013546374
-0.00078863866,-0.015117116
-0.00079543435,-0.013932928
-0.0011133346,-0.013285557
-0.00089505827,-0.0119046755
-0.0008118685,-0.01243763
-0.0013245139,-0.01275835
-0.0011718557,-0.012791745
-0.0012217149,-0.012041029
-0.000586663,-0.012788456
-0.0012095147,-0.01126577
0.0005481518,-0.023225168
0.0005106338,-0.0052835643
-1.4526493e-05,-0.0038025416
-0.00012862765,-0.003912572
-0.00045118312,-0.026489206
-0.00027995615,-0.029212229
-0.0003267111,-0.033053573
1.5337144e-05,-0.023092777
8.570636e-05,-0.024632553
1.0633623e-05,-0.0240535
0.0004097575,-0.0114988815
-0.00013793093,-0.01094573
-0.00054119143,-0.009610577
-0.00038535253,-0.012464225
-0.00030996866,-0.013793135
0.0017223068,-0.10772691
6.435216e-05,-0.0094589535
-0.00068420667,-0.008537425
-0.00061342306,-0.01628319
-0.00042801007,-0.013576912
-0.00039781968,-0.01941897
-0.0008040562,-0.008247459
0.0005485206,-0.0049149618
-0.00097386143,-0.009332318
-0.0006813799,-0.008368788
4.835693e-05,-0.010380678
-0.0007750471,-0.008168349
0.0003302461,-0.036507055
-0.00053993065,-0.039043155
-0.0006840709,-0.020069592
-0.00031276688,-0.024120538
0.00064168975,-0.035016235
0.0011571229,-0.0726465
0.001345802,-0.08877958
-0.0001018615,-0.01226221
0.00079531944,-0.060594086
0.0013069191,-0.12059299
0.000462168,-0.06961599
0.00070121634,-0.08228839
-0.0003593344,-0.022756621
-0.00046451355,-0.014229719
-0.0005028216,-0.012269305
2.5358255e-05,-0.022230579
-0.00094516727,-0.012672555
-0.00086377497,-0.015050868
-0.00044187857,-0.017341714
-0.00088683574,-0.01637514
0.0006013529,-0.055644225
-0.0006584401,-0.017275611
-0.0006569297,-0.01662294
-0.0003228119,-0.02182097
-0.0001524608,-0.027768027
0.00075621123,-0.0513307
0.00011597814,-0.02951489
-0.00014853137,-0.02423539
0.00038557994,-0.040751778
-0.00034825457,-0.01300649
-0.0010558779,-0.008539524
7.31569e-05,-0.020161562
-0.00060220633,-0.0154532455
-0.00057357945,-0.014814768
-0.00037770567,-0.012543213
-0.0005819908,-0.010086862
-0.0008135932,-0.013793074
-0.0006838015,-0.011582233
0.0005405509,-0.04006608
-0.0008899299,-0.011611681
-0.0014101625,-0.013096666
-0.0006175645,-0.021563753
-0.00017998305,-0.015468895
-0.0007309306,-0.012340836
0.00082574016,-0.045325626
-0.00091423193,-0.010470806
-0.00025016232,-0.025945555
-0.0008766485,-0.011204435
-0.0014593734,-0.012139823
-0.0005540452,-0.020542499
0.001503299,-0.079682864
-0.0004787774,-0.015185814
-0.0010167373,-0.011795614
0.0004902765,-0.011369305
-0.0010260858,-0.010414718
-0.0012442817,-0.011432609
-0.00027516775,-0.013706053
-5.82926e-05,-0.02058464
-0.00082236883,-0.010934556
-0.00016551501,-0.018215574
-0.00038858084,-0.013430119
-0.00077204505,-0.010532852
-0.0002485026,-0.012821006
-0.0006499795,-0.012713961
-0.0008408538,-0.0122061055
-0.00020576811,-0.013430696
-0.00039139803,-0.020564418
-0.0004514457,-0.010836884
-0.0003208064,-0.02795816
-0.00086960744,-0.01324025
0.0003592582,-0.033631947
-6.765891e-05,-0.012401924
-0.00071769685,-0.008498963
-0.0012523023,-0.011233427
-0.00087167154,-0.016983254
-0.000109762535,-0.032528024
0.00062538206,-0.048113577
6.310045e-06,-0.01234968
-0.0007258939,-0.011869941
0.0006999579,-0.04444454
0.0023490405,-0.13184637
-0.00025283842,-0.025683323
-0.00029558252,-0.009262629
-0.0003536871,-0.009667685
-0.0006405258,-0.009804038
-0.00016070246,-0.010339463
-0.0010407201,-0.010319522
1.0846808e-05,-0.00955319
-0.0005310068,-0.016735392
-0.00021907465,-0.01042062
-0.000352713,-0.020401377
-0.0008851845,-0.013431588
-0.0006307197,-0.022288404
-0.00010800257,-0.032893643
-0.0008607917,-0.016371254
0.0016980452,-0.087485485
0.00027119817,-0.008516416
0.00017669423,-0.0054588933
-0.0005311589,-0.006370347
-0.0009520009,-0.009389721
-0.0006013431,-0.009077685
0.0024271815,-0.14603548
-0.00084804866,-0.012318203
-0.0005244984,-0.010878708
-0.00047259853,-0.014054228
-1.9288811e-05,-0.010968279
-0.00029025943,-0.011590784
-0.00038885634,-0.01092986
0.00038648577,-0.0055041425
-0.0004381321,-0.0100865625
-0.00058075285,-0.010346798
-0.00049303076,-0.013595467
0.00016848538,-0.009692477
2.1765518e-05,-0.0071587153
-0.00070797,-0.0065958686
-1.4083416e-05,-0.0071877446
6.429355e-05,-0.008776676
-0.0002785091,-0.008400083
-0.0002998819,-0.0072046258
-0.00021499775,-0.008122547
-8.871293e-05,-0.032486707
-0.00039268116,-0.025142547
3.321137e-05,-0.03744883
-0.00021551429,-0.016286653
-0.000232058,-0.024593223
0.00040384667,-0.046397705
-0.00040777243,-0.024681933
-0.00050221756,-0.016394105
-0.0005243485,-0.020780021
-0.00035398308,-0.013656922
4.6229732e-05,-0.02520096
0.00050224597,-0.013189025
-0.00032659754,-0.010396566
-0.00080082996,-0.008737126
-0.0007888598,-0.010757875
-0.00063111656,-0.020006588
-0.0008010934,-0.016774394
-0.00074521004,-0.017329745
0.00078491494,-0.019368786
-0.00013370022,-0.009742117
-0.0003982546,-0.016302159
-0.00054184836,-0.013582163
-0.000506609,-0.009081267
-0.0010380817,-0.012861159
-0.0002998048,-0.0106534455
-0.00088709954,-0.010477832
-0.00039599993,-0.015304435
-0.00093160407,-0.015512405
-0.00027503254,-0.010578729
-0.000762962,-0.017490394
-0.00072041026,-0.008991521
-0.0006621177,-0.012568129
0.0001574559,-0.019949686
0.00033848343,-0.039979734
-0.00043876027,-0.013670053
-0.0008079404,-0.010880765
0.0011120164,-0.054161496
-0.0010741767,-0.012731044
-8.389582e-05,-0.00890613
0.0010006137,-0.064306825
0.0014721919,-0.11438988
-0.0006600572,-0.010314591
0.0002460928,-0.008022331
-0.00050551526,-0.011371136
8.2097584e-05,-0.00593422
0.00013858387,-0.007866384
-0.0010071193,-0.0044992007
-0.00058965856,-0.013458874
-0.0004473928,-0.01571159
0.000349099,-0.0076111183
0.0004246481,-0.023092672
-0.00045750616,-0.007762313
-0.00038903346,-0.009100255
-0.00031453377,-0.008593742
-0.0003430933,-0.009033028
-0.0003759028,-0.008876257
-0.000363182,-0.009708248
-0.00052010786,-0.014596412
-0.00027613912,-0.010019563
-0.00027141755,-0.009640351
-0.0003420036,-0.013886193
0.00093227345,-0.06430766
-0.00037296355,-0.018992
-0.00051501254,-0.01229028
-0.00038414722,-0.02208397
-0.00034840952,-0.020451944
-0.00025727914,-0.01206423
-0.0002874948,-0.013568487
0.00087221747,-0.065437354
-0.00044135883,-0.015863959
-0.0005796215,-0.013580784
-0.0008520356,-0.015199905
0.00030478887,-0.011423808
-0.00034477084,-0.023122203
-0.0006172525,-0.011358984
0.00019318033,-0.010357024
-0.0007602081,-0.015831256
6.440725e-05,-0.032850116
0.0019518074,-0.11308598
0.00089637167,-0.065750845
-0.0003553402,-0.020422503
-0.0007696109,-0.007242581
0.0006758423,-0.04862529
0.0015844731,-0.085734725
-0.0006759723,-0.012400981
-0.0005158691,-0.02068245
-0.00046500575,-0.02089834
-0.00043972651,-0.02627955
-0.00028951908,-0.021695228
-0.0003698347,-0.025124442
-0.0006445568,-0.01648755
-0.0005221224,-0.014908142
-0.0004337341,-0.023444315
-0.0002801172,-0.023701351
-0.00036475156,-0.0131452605
0.0002376199,-0.03953163
0.00019088494,-0.03992609
-0.00032350502,-0.026447434
0.00041684852,-0.04072163
0.0008707393,-0.065845236
-0.00019711316,-0.013457034
0.00073872955,-0.06263755
-0.00030506682,-0.02114604
-0.00051895913,-0.011480413
-4.1706735e-05,-0.009564962
-0.0007483939,-0.011844108
0.0002533935,-0.045961417
-0.00013762647,-0.032281116
-0.00094007835,-0.009981733
-0.00079303165,-0.012628123
-0.00067881646,-0.019251242
0.00072137185,-0.028113056
-0.00082076475,-0.011968611
-0.00044785615,-0.017970853
-0.0008154848,-0.011815578
-0.00087401946,-0.011855768
0.00017012485,-0.01986979
0.00059813925,-0.010350766
-0.0007869441,-0.008803718
-0.00032501796,-0.00984695
-0.0013371282,-0.012270605
-0.0009095309,-0.012844013
-0.0004625552,-0.020929798
0.00088728097,-0.0056638215
-0.0001637863,-0.0070846565
5.540029e-05,-0.0059381872
-0.0006618302,-0.008370049
-0.000544742,-0.007949235
-0.0008517613,-0.011119261
0.00090891623,-0.0021682978
-0.0007621392,-0.0097875
0.00032180373,-0.0033932198
-0.00062165194,-0.012445897
-0.0006704489,-0.010251453
0.00019201216,-0.008910835
-0.00031430094,-0.008979514
0.00015109543,-0.0044228807
-0.00017832611,-0.0085133
-0.0002607234,-0.007936386
-0.00022187359,-0.0066079535
-0.00048031722,-0.012052398
-0.00016674791,-0.0058783293
-0.00010499447,-0.011471124
-0.00019039115,-0.027288374
-0.0006153069,-0.011708889
-3.203402e-05,-0.011518136
-0.00033190125,-0.02584553
-0.00046239246,-0.01717
-0.00042510603,-0.018680103
-0.00013582842,-0.023452876
-0.00015040101,-0.012418583
-0.0004509457,-0.020732967
0.0005198416,-0.04869791
0.002107936,-0.1524413
0.001095737,-0.07523102
-0.00033192278,-0.018762805
0.0015252884,-0.103982225
4.1154024e-05,-0.011150662
-0.0002185157,-0.01318902
-0.00031823263,-0.01696083
2.7440532e-05,-0.01934768
0.00092249847,-0.07578245
-0.0003292882,-0.012203686
0.0007990611,-0.07446113
-0.00051658053,-0.02114833
-0.000593303,-0.0175828
-0.00062894233,-0.015253941
-0.0006138652,-0.019409113
3.5760815e-05,-0.03008892
-0.00032602524,-0.02118586
-0.001518999,-0.01163953
-0.0006320729,-0.018872958
0.0003438057,-0.033292018
0.00047248934,-0.03387889
0.00027476077,-0.02930469
-0.0007759284,-0.014742464
-0.000990321,-0.014623025
9.115653e-05,-0.028165432
-0.00022220922,-0.019862495
0.00026442093,-0.011188703
-0.0008597641,-0.011715552
-0.0006669157,-0.012058083
-0.00059202587,-0.010550916
0.00034506555,-0.03053775
0.00021475255,-0.03484493
-0.000251166,-0.01183713
0.000109972854,-0.020618739
-0.00016507898,-0.017440714
0.00020556663,-0.039758023
0.0008285429,-0.061653346
0.0010987275,-0.06759504
-0.0007736985,-0.012549851
-0.0010193703,-0.0077231806
-0.00037741702,-0.013571348
-0.0010394852,-0.013972202
-0.0008137787,-0.016372995
0.0020890168,-0.09630346
0.001067058,-0.04941632
-0.0010669391,-0.0081764795
-0.00063106633,-0.008614674
-0.0008866654,-0.012774717
-0.001080562,-0.012404159
-0.00064777804,-0.019137396
-6.3362386e-05,-0.029673984
-0.0008829699,-0.0143277235
-0.00056335924,-0.015546089
-0.0006152919,-0.013385875
-0.0008508967,-0.012581512
-0.00077973376,-0.012452394
-0.0006399775,-0.010949399
-0.0007898755,-0.0132571645
-0.001398391,-0.0123493
0.0005292248,-0.011162646
-0.00029883435,-0.008094829
-0.00045418832,-0.005942926
-0.00017733885,-0.0076773316
-0.00028119987,-0.007870052
-0.00027302594,-0.00831026
-0.0013344424,-0.0065041203
-0.0010000833,-0.007356338
-0.00076862425,-0.009899609
-0.0006910929,-0.00975341
0.0010735695,-0.06227266
-0.0002328356,-0.012374572
0.00033409375,-0.043581646
-0.00040302164,-0.01214106
-0.00057329144,-0.017051945
8.876137e-05,-0.012093702
-0.00057589164,-0.015204648
-0.00048431935,-0.015538288
-0.00016562403,-0.012909099
-0.0013474585,-0.012891311
-0.0013558295,-0.010961169
0.0004255434,-0.04647858
0.00030946598,-0.025511213
-0.0005047263,-0.011786781
-0.00021388686,-0.010531252
0.0012589144,-0.07447646
-0.000529069,-0.00981551
-0.00012511601,-0.020197656
-0.0004499684,-0.011899494
-0.00029449066,-0.012918066
0.0002596749,-0.013479248
-0.00049471785,-0.015269883
-0.00058514497,-0.011318155
8.1831924e-05,-0.01223008
-0.00047034182,-0.012240015
-0.0002249012,-0.008200772
-0.0006986483,-0.010956122
-0.0003116668,-0.01400719
-0.000972925,-0.011183299
0.0015821147,-0.088965446
-0.0007590515,-0.011524621
-0.00016579982,-0.010308422
0.0013686805,-0.080213636
-0.00014521876,-0.0073624738
-0.00023098606,-0.010264482
-0.00076094817,-0.008599978
0.0019466393,-0.11630031
0.0003033413,-0.007914826
-0.00073858467,-0.008971296
-0.0004502603,-0.013399975
-0.00053470815,-0.010521466
-0.00059870747,-0.010579169
-0.0004445018,-0.022215841
-0.00047079427,-0.01024366
0.0013516088,-0.07874647
-0.00075370946,-0.010512982
-0.0007943458,-0.008003743
0.00054916576,-0.0080504045
5.0743678e-05,-0.006638678
0.001292613,-0.085110754
-0.00012525656,-0.0058591757
-7.639699e-05,-0.0057908427
3.0453273e-05,-0.030826334
-0.00050255115,-0.016283661
-1.2982477e-05,-0.03334969
0.00059327786,-0.03538501
-0.00037475774,-0.009078912
-0.00069911336,-0.01846585
1.5913247e-06,-0.0061205737
-6.071829e-05,-0.024900455
-0.00021659817,-0.00824712
-0.00024192921,-0.008619867
-0.00030938286,-0.009513173
0.00020026903,-0.03789588
-0.00051182933,-0.018651966
-0.00065500545,-0.010453276
-0.0008483602,-0.009942597
-0.000922418,-0.014292082
0.00011382635,-0.011186868
0.00031074486,-0.008271974
-0.0007174039,-0.009851934
0.0018893551,-0.113357894
-0.00046397746,-0.011326045
-0.001019438,-0.009055354
0.0006755894,-0.043621182
-0.00080283685,-0.012970222
-0.0008054427,-0.010697467
-0.00027155684,-0.021208126
0.0013483608,-0.06661958
0.002854943,-0.17816874
-0.0005986519,-0.0115968995
0.0016867688,-0.10576746
-0.0005319115,-0.015598591
-0.0005689973,-0.021834075
-0.000854569,-0.01369785
-0.00052464224,-0.016277835
5.2838004e-06,-0.026908925
-0.0005710484,-0.012488853
-0.00046127307,-0.010012943
-0.0010336397,-0.011174168
0.00078938616,-0.0062798057
0.00012883956,-0.0039034374
-0.000202304,-0.003873216
-0.00025020697,-0.0051727034
-0.0002578554,-0.0070553534
-0.00030198117,-0.009126727
-9.764395e-05,-0.005111508
-0.00039813173,-0.0084764995
-0.00045240734,-0.0080774315
-0.00023902349,-0.014357265
-0.0003946175,-0.011188384
-0.0005122698,-0.014039051
-4.3696637e-06,-0.005595997
0.00012796956,-0.03749858
-0.00035624456,-0.010826141
-0.0003696198,-0.011014298
-0.00034103153,-0.010756638
-0.00061414094,-0.017706914
-0.00045794185,-0.01578009
1.3480589e-05,-0.018226454
-0.000898105,-0.012596618
-0.00050766964,-0.019850343
-0.0004032547,-0.02051891
-0.00024751393,-0.01764165
-3.0347743e-05,-0.010114551
-0.0003815341,-0.011181559
-0.0005672801,-0.0112487525
-0.0008015297,-0.01079187
0.0019908622,-0.10915932
-0.00013279523,-0.013617139
-0.0008232574,-0.010443237
0.0005471331,-0.039704233
0.00012825032,-0.017858999
0.00046264235,-0.045997303
-0.0008001557,-0.012535922
-0.0006206597,-0.01173415
0.0003102306,-0.038357843
0.0011762064,-0.06954113
-0.0006139231,-0.012415195
8.151769e-05,-0.031435803
-0.00096016994,-0.013259651
-0.0006347428,-0.01289662
0.0004064198,-0.01823927
-0.00072828593,-0.010758312
-0.0011245887,-0.013239663
0.0001617715,-0.035256095
0.00092357147,-0.05779644
-5.696212e-05,-0.028445413
-0.0005915313,-0.020678338
0.001634784,-0.08472862
-0.0010093969,-0.013631459
-0.0008990605,-0.010307001
-0.00020196168,-0.030827621
-0.00071498076,-0.010133525
0.0010222901,-0.00020993128
0.00045067695,-0.0015652217
-0.0010642016,-0.008588906
-0.00077111257,-0.013486501
-0.00037248875,-0.011445809
-0.00029158124,-0.020648314
-7.6289594e-05,-0.010833422
-0.00016433267,-0.01303399
0.002318876,-0.13414383
-0.00039026968,-0.005726656
-0.00065708807,-0.008434668
-0.0004272295,-0.007990688
-0.0003031392,-0.007647224
-0.00029721798,-0.0077240914
-0.0002746256,-0.007329624
0.0026133268,-0.14815903
0.00019370274,-0.0074460134
-0.00041518454,-0.014058419
-0.00027215737,-0.026401445
-0.00013887872,-0.010646882
0.00037850218,-0.032332987
-0.00047074654,-0.01196775
-0.00043930724,-0.010549124
-0.00040412234,-0.01268913
-0.00033198216,-0.012726095
-0.0002139613,-0.014060168
-0.00032017485,-0.010078069
-0.00026978215,-0.014754739
0.0010673899,-0.06737411
-0.00056860724,-0.017486483
-0.00043478922,-0.011237588
-0.00060033647,-0.017548453
-0.0008280564,-0.010989998
-0.0011646651,-0.011086853
-0.0006796396,-0.020802952
0.0032727441,-0.18028983
-0.000552102,-0.016950192
-0.00053026737,-0.020895656
-0.00048729684,-0.020923523
-0.0005748322,-0.020886794
0.00014912237,-0.03281391
-0.00084312505,-0.014393872
-0.00075125135,-0.020914871
-0.0007194761,-0.015242655
-0.000311132,-0.024389097
9.9569705e-05,-0.034077212
-0.0009183952,-0.013374584
-0.0006418146,-0.014055263
0.002380511,-0.14911026
-0.00022968998,-0.02725508
-0.0008217873,-0.01264957
-0.0004159605,-0.018071506
-0.0006945807,-0.02147249
0.00043666566,-0.019246837
-0.0008726368,-0.012415772
-0.0011497291,-0.009503774
-0.0009984276,-0.011497272
-8.355273e-05,-0.0391376
-0.0009750034,-0.011548813
0.00034225476,-0.042971317
-0.0005525935,-0.021012092
-0.00062625203,-0.020909082
0.00012223524,-0.020451471
-0.0009904589,-0.012662537
-0.0014994517,-0.011504348
-0.0010577751,-0.013803849
-0.0007106456,-0.015933705
0.00017964457,-0.038772505
-0.0013384501,-0.012497071
0.0019240021,-0.11478087
-0.0008229036,-0.015973497
-0.0009694381,-0.014312498
-0.00029389514,-0.02240804
-0.0006074118,-0.02010962
-6.1122075e-05,-0.023421384
-0.0004735822,-0.024089392
4.472785e-05,-0.017212478
-5.5068012e-06,-0.020815998
-2.8493421e-05,-0.013512272
-0.0013409075,-0.0077860113
-0.0008810099,-0.015145546
-0.00025693828,-0.036976635
-0.00038387906,-0.020690583
-0.00054637593,-0.017205963
-0.0007018056,-0.013431473
-0.00013926892,-0.018418072
-0.00026139122,-0.012957443
-0.0006729906,-0.009009812
0.00019000655,0.0009307787
-0.00045916066,-0.0101936795
-0.00024706929,-0.0032348726
-0.00018007688,-0.019243224
-0.00041687762,-0.012724115
-0.00016495063,-0.0071937777
-0.00041718688,-0.005526852
-0.00043581828,-0.010721277
-0.00020552661,-0.008716565
-0.00015098865,-0.008682054
-0.0003332115,-0.010951841
-0.00058666733,-0.016721634
-0.00028788717,-0.015668392
-0.00023674748,-0.010149572
-0.0006393923,-0.014975341
-0.00025275402,-0.027684407
-0.00039031054,-0.011714142
-0.0005248682,-0.011730796
-0.0008315641,-0.01173405
-0.0005116592,-0.011172518
-0.00046866108,-0.01896558
-0.00057757343,-0.021524154
0.0017653684,-0.09967115
-0.0008701848,-0.012941349
-0.00087320054,-0.016104449
0.0006011445,-0.053810056
-0.0005962758,-0.011648506
-0.00085049146,-0.01550865
-0.00036004902,-0.026959242
-0.0005241023,-0.015234148
0.0004910414,-0.052702755
-0.00048415584,-0.025376849
-0.00084137975,-0.01747858
-0.0006810418,-0.021882296
-0.0006533637,-0.02270409
0.00065809675,-0.085130684
-0.0007563577,-0.018222716
-0.00036004797,-0.030942295
0.00026178663,-0.032636143
-0.00048713078,-0.008574987
-0.0012296718,-0.016306872
-0.00045215915,-0.009237714
-0.0008330268,-0.019113636
-0.0009749277,-0.013479907
-0.00013842601,-0.014407769
0.00023488868,-0.039276503
-0.0005273454,-0.015286621
-0.0015261176,-0.010326531
-0.001449659,-0.012469208
-0.00089176185,-0.015720736
-0.0006268995,-0.0156991
-0.00083272415,-0.020458976
-0.0011063926,-0.014033502
-0.0011716697,-0.014461506
-0.00043868937,-0.015071344
-7.172878e-05,-0.012321867
-0.00050264044,-0.010527525
-0.0005136321,-0.008508574
0.00019635783,-0.015549257
-0.0004686747,-0.008553062
-0.001482564,-0.01280597
-0.0017871629,-0.014607465
-0.000284996,-0.018918987
0.00084693666,-0.06699746
8.8994086e-05,-0.010117998
-0.00041481957,-0.012212852
5.2229632e-05,-0.012896173
8.441848e-05,-0.018723221
0.00036669412,-0.011110209
0.00030612556,-0.011667352
-0.00025341433,-0.006791914
4.6206333e-05,-0.0107788
0.00015221599,-0.019442886
3.960055e-05,-0.011451235
0.00012292426,-0.008282812
0.00012545865,-0.015006086
-0.00025159947,-0.013138998
-9.85981e-06,-0.01161661
-6.017115e-06,-0.009420132
8.9658715e-07,-0.018533979
-0.000112331196,-0.010852292
-0.0004271436,-0.008014159
4.9471753e-05,-0.020499391
-0.00015898792,-0.01519496
-0.00010426798,-0.008892985
-0.00023929514,-0.013154868
-0.00018074716,-0.021989994
0.0016342623,-0.10101574
-0.0004210518,-0.009527158
0.00023269931,-0.012779187
-0.0005515924,-0.0068767928
-0.0006801833,-0.008187018
