0.000652733,-0.061954215
-0.00014951082,-0.02501749
-0.00019475138,-0.015324336
-4.031883e-05,-0.01601446
-0.00017454052,-0.006348036
-0.0002373761,-0.005125027
-0.00012902201,-0.009093121
-0.00035739067,-0.0038430542
-0.00034103263,-0.0040487945
-0.0004430996,-0.004312735
-0.00045495882,-0.002067022
-0.00043233077,-0.0024425462
-0.00041113578,-0.0019818377
-0.00041784055,-0.0031677112
0.000110640234,0.00015480816
0.00023100739,-0.0006997138
0.000772479,0.004535891
0.0034648534,-0.22567981
-0.0002456769,-0.0011763051
0.00075526175,0.019707453
-0.00021549065,-0.006481871
-0.00023603126,-0.0021472462
-0.00013020817,-0.008403007
0.00022028953,-0.016600339
0.00017026805,0.00092473254
0.0002236755,0.0046231598
-0.00014942729,-0.0052113906
0.00022134649,0.005220212
0.00016603047,0.0018881671
7.9137724e-05,0.0019922815
0.0001126452,0.0017860904
0.00012876674,0.0028504208
-0.00014869917,-0.003949264
0.00015023955,0.0053271838
0.0004297241,-0.00044357777
-0.00011914225,-0.0030076206
0.00033733784,0.0096486285
-2.0672465e-05,-0.00013469905
-6.514219e-05,-0.00017017499
9.036492e-06,-0.0013252571
2.0382446e-05,-4.4692308e-05
0.00040518277,-0.039305285
-5.9424332e-05,0.0004410483
0.00081318617,-0.061152197
0.003399177,-0.1997936
0.00092427805,-0.059729986
-0.00018196071,-0.00979577
-0.00021400543,-0.0059410166
0.0006789335,-0.061035804
0.00096211175,-0.07170218
0.0025832716,-0.16333607
0.0011110017,-0.08985009
-0.00022305314,-0.0375222
0.0021895685,-0.14523032
-0.00031287188,-0.022506945
0.0012907045,-0.094293
0.00072893774,-0.06718768
0.00029934064,-0.047124103
0.0015399412,-0.12709168
-0.0003930549,-0.028535657
-0.0004048177,-0.023287259
0.00015217412,-0.04827434
-0.00014128145,-0.03927058
-2.7053953e-05,-0.04607582
0.00021573585,-0.06658311
-4.8513146e-05,-0.038832262
-0.00028283545,-0.028404728
-0.00034237083,-0.02722783
0.0003270866,-0.04285926
-1.4277e-05,-0.03321618
0.00016706345,-0.035062116
-0.0014507408,-0.0125964
0.0005172293,-0.04318925
0.00079327077,-0.052213803
-0.0015125189,-0.010358324
-0.0013247337,-0.012658592
0.0020564725,-0.111678466
-0.0011913127,-0.012382943
-8.133692e-05,-0.032687377
-0.00056564185,-0.018794315
-0.0011241505,-0.011005588
0.00087886635,-0.06496237
-0.0009953324,-0.013593391
-0.00048814958,-0.024413258
-0.0006877816,-0.016240092
0.00035083632,-0.049243465
-0.0004181408,-0.01596148
-0.0005290572,-0.016807307
-0.0004249927,-0.025914274
0.0011022531,-0.07394646
-0.00046673178,-0.023300402
-0.000813889,-0.010071011
-0.00046257576,-0.018014625
0.00021664142,-0.047698002
0.000114643786,-0.04356756
-0.0002886344,-0.015860023
-0.0004728136,-0.017845381
0.0010745056,-0.087957405
-0.0003790445,-0.021837689
-0.00019547665,-0.015963845
-0.00010124003,-0.03423676
-0.00028093098,-0.024078676
-0.0003259274,-0.02529575
-0.00019471241,-0.028629966
-0.00012480508,-0.032705028
-0.00022299837,-0.028238721
-0.00033571944,-0.01396898
0.0019125293,-0.11433243
-0.00016652128,-0.016125282
-0.0004263259,-0.012904398
-0.00025365478,-0.0112532005
-0.00010868879,-0.011665601
-0.00025010586,-0.013309829
0.0016088192,-0.10209931
-0.0003072649,-0.0142569505
0.0009962651,-0.07296206
-0.00019917246,-0.019311214
-0.0004857725,-0.011930544
-0.00011737374,-0.02309007
-8.183846e-05,-0.022448545
-0.00033776887,-0.010660991
-0.00032690738,-0.013603285
-0.0008813582,-0.012355622
-0.0010785662,-0.009495705
-0.0009200231,-0.013762884
-0.0012418029,-0.01168495
-0.001276079,-0.011325292
-0.00045306823,-0.02321458
0.0013593774,-0.07341702
-0.0010343627,-0.013168968
-0.0010788296,-0.013421601
-0.0006359272,-0.014531525
0.0022007152,-0.11552133
-0.0004525897,-0.016159393
-0.00089166703,-0.009483308
1.5955055e-05,-0.03268612
-0.00029797235,-0.024280855
-0.0003402097,-0.016982265
-2.8710274e-05,-0.018551469
-0.00032115774,-0.025683973
-0.00055163575,-0.01697884
-0.00013089828,-0.014023818
-0.0005055847,-0.017385926
-0.0005066438,-0.023234554
-0.00037411804,-0.01773808
-0.000531138,-0.022597896
-0.00037342962,-0.022939038
-4.2814012e-05,-0.03590643
-0.00039442477,-0.013359878
0.0003365972,-0.05321365
-0.0001305923,-0.016306527
-0.00048345118,-0.022342134
-0.00028325373,-0.0095073
-0.00035295764,-0.010028111
-0.00029846805,-0.010812163
-0.00019147075,-0.034778148
-0.001032413,-0.015118124
3.224428e-06,-0.042185303
-0.00032518414,-0.029704466
-0.0007826598,-0.014421802
-0.0007916222,-0.017213967
-0.0006497341,-0.011929456
-0.00058435067,-0.015488563
-0.0006961873,-0.01420432
-0.00057514117,-0.01772935
-0.00059031293,-0.015363673
-0.00045367097,-0.021829672
-0.00026363987,-0.03061973
-0.0006791661,-0.01406133
0.00016241704,-0.04420808
-9.427467e-05,-0.037306987
0.00070471485,-0.06959243
-5.9380094e-05,-0.017511502
-0.0011650634,-0.010010622
-0.0008659266,-0.011560271
6.305636e-05,-0.034611735
-0.00056460075,-0.01143546
0.0013977599,-0.07753277
-0.00036014436,-0.006083451
-0.0002070187,-0.011189142
0.0012421237,-0.071477495
0.00040460564,-0.03496284
-0.0001989304,-0.00958221
-0.00021326503,-0.008593677
-0.00061073794,-0.012471668
-0.0003277058,-0.008049507
-0.00024783995,-0.022140631
-0.0008434882,-0.011650652
-0.00060324,-0.016370138
-0.0006001344,-0.01308129
0.00017563715,-0.046747573
-6.760082e-05,-0.006440783
-0.0007776133,-0.01966014
-0.0010692936,-0.010149049
-0.0009181584,-0.012293611
-0.0012510549,-0.011576965
-0.00077514816,-0.013791753
0.0018193538,-0.09031766
-0.0004159363,-0.019714456
-0.0010018417,-0.01222123
0.0008966136,-0.055772405
-0.00082240935,-0.014389975
-0.0008121359,-0.01189851
-0.0012743741,-0.012398612
-0.0010642775,-0.014851399
-0.00087131886,-0.016172236
-0.0008627477,-0.015028235
0.0008611031,-0.055267967
-0.0013844586,-0.012718365
-0.0009129137,-0.0156195685
0.0012083857,-0.071044356
0.0018888194,-0.11058955
-0.00013425614,-0.022127572
-0.00025496172,-0.010872189
-0.000208525,-0.012563806
-0.00077145634,-0.008308671
-0.0004589968,-0.0117696
0.001439536,-0.08222474
-8.1937076e-05,-0.014841985
-0.00043419248,-0.006185215
-0.0007356042,-0.009707633
-0.0005007196,-0.019384636
0.00082596316,-0.04813172
-0.00013034926,-0.02792779
-0.00022227167,-0.004736021
-0.00019154187,-0.010307381
-0.00042943645,-0.017198253
-0.0011627944,-0.012189057
-0.0008254039,-0.007042505
-0.00034908595,-0.02920225
0.0002674458,-0.04670158
-0.00046427659,-0.0077227466
-0.0005943928,-0.013729624
-0.0006142278,-0.012358321
-0.0010197635,-0.015894635
-0.00081732613,-0.018623464
-0.0008824823,-0.012232151
-0.0009423608,-0.015678136
0.0016360263,-0.09237403
-0.0006773878,-0.014403839
-0.00068889186,-0.017185578
-0.0006623523,-0.014114946
-0.0006250573,-0.011512302
-0.0008490201,-0.010784961
-0.00095940346,-0.012274222
-0.000598342,-0.012685956
-0.0012499865,-0.012594618
-0.0006590616,-0.014652438
-0.0010805198,-0.012020407
0.0016633018,-0.098941006
0.000787267,-0.061946973
-6.4860826e-05,-0.019169867
-0.0002704061,-0.011224704
-0.0013615919,-0.012229983
-0.0010948554,-0.0113761835
-0.0001063713,-0.026374392
-0.0005623373,-0.012293307
-0.00034131773,-0.021306483
-0.00013488869,-0.021372063
0.001809835,-0.10067511
-0.0009529228,-0.01281349
-0.0007451544,-0.009661617
0.000596842,-0.052888732
-0.00070757285,-0.014718942
0.00024237573,-0.047581818
-0.00040407403,-0.013207616
-0.00039818313,-0.017594352
-0.0005413999,-0.018947277
-0.0005800389,-0.01685344
-0.00079577166,-0.012071088
-0.0008497733,-0.01689703
-0.0007097626,-0.014695469
-0.0007427618,-0.016053628
-0.0007012517,-0.022007573
-0.000663848,-0.015733749
-0.00093786477,-0.012447916
-0.0008712957,-0.018209934
0.0012142998,-0.07394252
-0.00060511177,-0.010868786
0.00019142429,-0.035491303
-0.0005601926,-0.019412786
-0.00086406124,-0.009034777
-0.0004971449,-0.013434278
-0.0004517567,-0.016993072
-0.0004160371,-0.01811862
0.0012590211,-0.08407082
0.00014125735,-0.014195222
0.00071295723,-0.07094979
-0.00013083748,-0.022786312
-6.883273e-05,-0.019732317
-0.00031728612,-0.022273485
-0.00035709474,-0.021627063
-0.0012995824,-0.011684556
-0.000979409,-0.0123711135
0.0009920911,-0.061784964
-0.00037247944,-0.012728078
-0.00043738045,-0.01543385
0.0017246072,-0.0993561
-0.000101846075,-0.019072909
-0.00037497538,-0.014747411
-0.0003871601,-0.009986665
0.00046510715,-0.04452582
-0.00047536514,-0.010730911
-0.00015401717,-0.020213015
-0.00024873426,-0.013637001
0.0016782262,-0.105079636
-1.2704208e-05,-0.03257121
0.0010641395,-0.07483056
-7.73857e-05,-0.014942823
0.00073462387,-0.066601396
6.615149e-05,-0.03745136
-0.0009041212,-0.013123976
-0.0007122395,-0.010162039
-0.00074544805,-0.013627525
-0.00074063474,-0.014609717
-0.00058818643,-0.012803905
-0.00069273013,-0.014943646
-0.0008180944,-0.01348865
-0.00079479156,-0.015965953
-0.0015104394,-0.011170082
-0.0009856889,-0.014554152
-0.0006295646,-0.017313544
-4.471511e-05,-0.036046136
-0.0003302304,-0.02215073
-0.00063863106,-0.015300892
0.0014968079,-0.08205838
0.0001628393,-0.03365816
-0.00030811015,-0.02254828
-0.0003106937,-0.01264108
-0.00060830166,-0.01649294
0.0011592144,-0.078295305
0.00079555117,-0.065278254
-5.039609e-05,-0.014021888
0.0011898784,-0.08545809
-0.00020769895,-0.01812103
-0.00011837734,-0.016536059
-0.00015122264,-0.012386886
0.0005180171,-0.051180977
-0.00013573121,-0.032077927
0.0005136706,-0.050714828
-0.00037193927,-0.012083409
-0.0003615836,-0.01927026
5.598922e-05,-0.03958639
-0.0003571884,-0.025971444
-0.0010588386,-0.012583416
-0.0008781266,-0.013746709
-0.00096467487,-0.014079735
-0.0017088507,-0.010884479
0.0015082792,-0.08241627
0.0014385639,-0.08840044
-0.00086306734,-0.011883121
6.672443e-05,-0.030778162
-0.0007164584,-0.012220601
0.00095339783,-0.051385835
-0.000386004,-0.0147771165
-0.0008113642,-0.009656448
-0.0011105768,-0.008930324
-0.0006951105,-0.018701855
-0.0012167314,-0.010681003
-0.0008708089,-0.010247214
-0.0006437692,-0.0087087955
-0.00073080417,-0.010001054
-0.0011072305,-0.015079562
-0.0006950067,-0.020293225
-0.0014664403,-0.013527935
-7.614884e-05,-0.030196268
-0.0006143926,-0.015942462
-0.0009612322,-0.01259293
-0.0010401123,-0.013628155
-0.0015659067,-0.012013728
-0.0014858923,-0.012971118
-0.00034393556,-0.02357408
-0.0011451219,-0.013869818
-0.0012583993,-0.013272403
-0.0002582739,-0.02318494
0.00011278696,-0.033570077
0.00045908726,-0.039030537
-0.00057017425,-0.016631905
-0.0002107438,-0.018680526
-0.0004711958,-0.020433094
-0.0013878336,-0.012699882
-0.0010358919,-0.015883422
0.00063926156,-0.049931128
-0.00027280662,-0.018998317
-0.0007526032,-0.019976486
-0.0009938739,-0.01860025
0.00040986494,-0.043137044
-0.00071042194,-0.0218798
-0.0011039517,-0.017637782
-0.0011152219,-0.016266908
-0.00053200923,-0.021308515
-0.0010842106,-0.015409892
-0.0006050483,-0.020296352
-0.00040390727,-0.024145912
-0.00056421873,-0.020764915
-0.0011406573,-0.015732555
-0.0005843392,-0.017674936
-0.0005450792,-0.01810692
-0.00066708017,-0.0178635
-2.9035858e-05,-0.031752188
-0.00060400635,-0.019197926
-0.0002676939,-0.028711287
-0.0012731801,-0.0127717145
-0.0008315063,-0.017474882
-0.00040788559,-0.025754612
0.00091703795,-0.06547083
-0.0007958503,-0.01747767
-0.00048523082,-0.025869656
-0.0005308565,-0.023989294
-0.0010111876,-0.013486769
-0.0005144139,-0.024804283
-0.00026174,-0.029585544
-0.00084041513,-0.015492108
-5.6948076e-05,-0.032661587
-0.0007428851,-0.01657793
-0.00082972884,-0.014953664
0.0009824677,-0.07049758
-0.00038443,-0.028760336
-8.177602e-05,-0.040328547
-0.00048642646,-0.021683346
0.00025964394,-0.051012103
-0.00050084793,-0.022176083
-0.00059619517,-0.020365711
-0.0005313494,-0.021471236
0.0013345964,-0.09359146
0.00084342423,-0.07011393
-0.0005676119,-0.020923035
-0.0006226848,-0.016506499
0.0010924721,-0.07591163
0.00078709377,-0.06767951
0.00051955984,-0.062077023
0.00016219864,-0.04589137
-0.00021796739,-0.026848402
0.00091518735,-0.08785349
-9.441763e-05,-0.054890968
-0.0013461449,-0.005984463
0.00018428358,-0.008524189
0.00075070653,-0.04217084
-0.0006837573,-0.0052913614
-0.0007744982,-0.006421488
-0.00016189554,-0.005964715
-0.00015758259,-0.006152738
-0.00023926627,-0.0057931114
-0.0002583706,-0.0058069862
0.00076674606,-0.0017040297
-0.0010455922,-0.0052394085
-0.00080394483,-0.010711426
-0.000588359,-0.009174159
-0.00042574242,-0.018808192
3.8746555e-05,-0.0042793825
-7.018297e-05,-0.0031865202
0.0022002948,-0.14491594
-0.0007720564,-0.0052718073
-0.001049123,-0.006514009
-0.0009274678,-0.00886781
0.0007288558,-0.056945376
-0.0007321759,-0.012421867
-0.0007764024,-0.007434519
-0.000629232,-0.0070471503
-0.0005142656,-0.023242988
-0.0007613664,-0.0076750573
-0.0010335363,-0.009634284
-0.0012484841,-0.009758409
-0.0005716095,-0.0037023537
-0.00078837,-0.0042101704
0.006696364,-0.43468925
-0.00014355245,-0.0018844418
-0.0002703041,-0.0021159388
-0.00074763544,-0.008316144
-0.00076355814,-0.0077292044
0.00052991667,-0.00029796734
0.00011881649,-0.0010325573
-0.00017701999,-0.00032443926
-0.00013686602,-0.0011124834
-0.00019132836,-0.0024098307
-0.00013709128,-0.0018865429
-0.00014776074,-0.0022093374
-0.00016347157,-0.008472398
-0.00017403411,-0.003385324
0.00025617122,-0.046678714
0.0021268122,-0.13081151
0.0015709983,-0.09147642
0.0013478658,-0.08363317
0.00058899197,-0.05111663
-0.00023203708,-0.02378767
-0.0005708104,-0.020649659
0.0010569058,-0.08208251
4.90588e-05,-0.017090326
-0.0002824311,-0.015483396
0.0010535141,-0.087080255
-0.00026526675,-0.019119047
-0.00045861123,-0.010278115
-0.0003136057,-0.025651515
-0.00032509444,-0.019691233
-0.00020377668,-0.025624286
-0.00025608455,-0.028015304
-0.00015574574,-0.036633465
-0.0001634069,-0.030201353
-6.258882e-05,-0.02466663
0.001395578,-0.10417563
0.00015449856,-0.04809814
0.00075122115,-0.07049017
-2.227597e-05,-0.025757212
-0.00018485195,-0.02329106
-1.797406e-05,-0.02197297
-0.00045147934,-0.013327021
-1.11487825e-05,-0.032415755
-0.00022070363,-0.023701282
0.0015672811,-0.11265291
8.279111e-05,-0.03439385
0.00018444487,-0.03931897
-8.7700086e-05,-0.024707219
-0.0001786128,-0.019554257
-0.00022419554,-0.022040175
-0.00048988784,-0.014689671
-0.000561106,-0.015327493
-0.0008524519,-0.015264779
-0.00074295094,-0.020162154
-0.001083117,-0.014082329
-0.00096034154,-0.01509453
0.00011058767,-0.040840134
0.0014860459,-0.0921461
-0.00024592265,-0.019360065
-0.0006489182,-0.013346167
-0.00055215857,-0.01803302
-0.00075707363,-0.01186494
-0.0007813705,-0.01626599
-0.00048574607,-0.01863465
0.0011387122,-0.07875099
0.00075211603,-0.060151294
-0.00048410363,-0.019731324
0.00025149988,-0.0392233
-0.0001747094,-0.017592318
-7.404717e-05,-0.01600141
0.001213703,-0.08854231
-0.00022473607,-0.015904075
-0.00025413808,-0.0138675645
2.9613147e-07,-0.027044926
-0.00031728,-0.018029537
-0.00037849002,-0.012946723
-0.00043617043,-0.015509352
-0.00021824699,-0.040736295
-0.0004943664,-0.027845467
-0.00081335386,-0.015679365
-0.0008586239,-0.015526388
-0.00076347817,-0.012356367
0.0012986099,-0.088808864
0.0006769359,-0.06585893
-0.000106816304,-0.04234094
-0.0014529052,-0.0146742165
-0.00032982917,-0.035204172
0.0004734823,-0.053428352
-0.0007248417,-0.0139176715
-0.0014893176,-0.012382541
4.629277e-05,-0.041096546
0.0010022774,-0.07234574
-0.00061293447,-0.012332175
0.0018568676,-0.11196749
0.0006015797,-0.05066817
0.0022516174,-0.14068139
0.0014695986,-0.09955829
-0.00027730723,-0.016538437
0.00014800773,-0.03961076
7.3857824e-05,-0.035626557
-0.0001786289,-0.0149373505
-0.00043646392,-0.015663596
-0.00037134258,-0.019114457
-0.0003405377,-0.02214746
-0.00041631714,-0.018609216
-0.00037263188,-0.022337548
-0.00042029488,-0.01842245
-0.0004612463,-0.016439535
-0.00045383972,-0.019659419
0.002271561,-0.14198837
-2.5426867e-05,-0.014420748
-0.00024428492,-0.011769917
1.8528444e-05,-0.0141530745
-0.00012273541,-0.014923563
-8.2208106e-05,-0.02604455
0.00013589149,-0.03849713
-0.00010184427,-0.015921462
0.0015432881,-0.1172751
-0.00039701426,-0.014660271
-0.00036353437,-0.023612188
-0.00045603642,-0.017984387
-0.00038434903,-0.024179276
-0.0004421865,-0.019741453
3.6457015e-05,-0.041631058
-0.00035561254,-0.031200208
-0.00038565864,-0.021881273
-0.0012168812,-0.01097036
-0.00081910304,-0.014034834
-0.00071837497,-0.012433592
-0.0007592906,-0.011746123
0.0011173143,-0.069624886
0.0006142706,-0.053842563
-0.0007648449,-0.014943559
-0.00045564404,-0.018428197
-0.000583548,-0.017792411
-0.0010930335,-0.0102444235
-0.0005880743,-0.013196595
0.00031611393,-0.049955115
-0.00038721377,-0.016083902
-0.00096553605,-0.012024395
-0.0008350034,-0.009180427
-0.00063017226,-0.012290992
0.0003530141,-0.04892186
0.0013541129,-0.08666544
0.0008541476,-0.066424884
-0.00031895278,-0.019786054
-0.00045011414,-0.014067488
-0.0002408263,-0.008730188
0.0002939729,-0.044629022
-0.00025631604,-0.0138729755
-0.00012546209,-0.013063466
3.362017e-05,-0.038712002
-0.00012123371,-0.012252357
-0.00017944667,-0.024454258
-0.00015392383,-0.012397107
-0.0002147736,-0.025900206
-0.00039274152,-0.014930839
-0.0002405781,-0.015268216
-4.749703e-05,-0.0321539
-7.332783e-06,-0.013157714
-0.00028252305,-0.022947576
-8.877834e-05,-0.016718606
-0.00011469606,-0.01534663
-0.0002457642,-0.01899455
-7.785128e-05,-0.027460393
9.6824355e-05,-0.013266712
-0.00075420237,-0.010412646
-0.00039737596,-0.013210097
-0.00057465734,-0.013091786
-0.00027862226,-0.018248916
-0.00017519097,-0.023651242
-0.00041376194,-0.024802342
-0.0004608523,-0.013616655
-0.00093531224,-0.012749327
0.0010763635,-0.08146657
0.00034657685,-0.051780537
-0.00038526312,-0.01774527
0.0009064927,-0.07425755
-0.00014083627,-0.015320826
-0.00033949612,-0.020142194
-0.00045842002,-0.01931173
-0.00048424606,-0.017084278
-0.0005143334,-0.02966635
-0.00056039327,-0.021793906
-0.0005379742,-0.029884575
-0.0005029651,-0.019793857
-0.0004912403,-0.026307724
-0.00044552877,-0.01534228
0.0015082667,-0.103129245
-5.4380725e-05,-0.017996699
-0.00035088573,-0.015200913
-0.00040837348,-0.021666951
-0.00023845429,-0.019658867
-0.0002497745,-0.015186621
-0.00025865107,-0.015164409
-0.00089377584,-0.016482037
-0.00040774548,-0.023592098
-9.432735e-05,-0.029460914
-0.0007856685,-0.018938463
-0.00065140525,-0.016939975
-6.2256804e-06,-0.02780696
-0.00021694259,-0.032066587
-0.00030437397,-0.017586485
-3.8266633e-05,-0.033219438
-0.00020083114,-0.019774165
-0.0007282331,-0.0112095885
-0.00025765135,-0.017907113
0.0009982834,-0.0639036
1.9329294e-05,-0.011956323
-0.0002060402,-0.01456712
-0.00020971108,-0.015811373
-0.00023620494,-0.017062355
-2.8914583e-05,-0.01894876
-0.00016356324,-0.027167384
-0.0003511688,-0.015088823
-0.00018939449,-0.025244996
-0.00010370668,-0.0183434
-0.00015785142,-0.020697333
-0.00010219077,-0.034620643
0.0009717443,-0.08365163
-0.000186455,-0.025905697
-0.0007355431,-0.017708752
-0.00069519435,-0.01767255
-0.0003804395,-0.024626976
-0.00076735194,-0.014105497
-0.0003409565,-0.017287428
-0.00038020563,-0.019222308
-0.00033678772,-0.022471802
-0.0005646872,-0.018777441
-0.000444122,-0.024171721
0.00071881065,-0.069584295
-0.00043353834,-0.022349963
-0.00047375564,-0.022847755
-0.0005332262,-0.020884434
-0.00047126855,-0.017835163
-0.00019991866,-0.03463979
-0.0004991283,-0.020292409
-0.0004885913,-0.024270106
-0.00027753005,-0.029072925
-0.0003960689,-0.017160704
-0.00038776122,-0.023661897
-0.0003386443,-0.032780673
-0.00029175865,-0.024745777
-0.0002082209,-0.017897386
-0.0003391999,-0.014381489
-0.00023482759,-0.016332708
-0.00035783346,-0.014918864
-0.0010899508,-0.010594599
-0.00048451143,-0.018794525
-0.0009774872,-0.014882553
-1.6065445e-05,-0.027756196
-0.00032180367,-0.022021238
-3.717364e-05,-0.04012253
6.950942e-05,-0.034586497
-0.00060980086,-0.025913723
0.00048461615,-0.05790914
-0.0010922372,-0.019089652
-0.0012669526,-0.018050138
-0.0007515424,-0.022757772
-0.0010411805,-0.02106978
-0.0006249926,-0.026430529
-0.0006456902,-0.025493236
-0.0011076679,-0.025552407
-0.00027446006,-0.030846126
-0.0007383852,-0.020526718
-0.0011265718,-0.020214735
-4.647726e-05,-0.036808327
0.0015036268,-0.096356615
-0.00039696723,-0.014403142
-2.2727181e-05,-0.012652926
-0.00019838606,-0.014437193
0.00016213661,-0.0076187868
-0.00026,-0.0124609135
-0.00037021213,-0.010374716
1.8054576e-05,-0.014132686
4.7200258e-05,-0.01623149
0.00010484249,-0.029741809
0.0002720703,-0.008325662
5.133245e-05,-0.022245083
1.6836086e-05,-0.019197822
6.58745e-05,-0.027057733
-0.00011790985,-0.017129809
5.0936113e-05,-0.016168475
2.3193337e-05,-0.02234717
-0.00023784865,-0.012603216
-0.0006673775,-0.0143989455
-0.0013163621,-0.010976382
-0.000707063,-0.016417729
-0.00034694414,-0.019569127
-0.0009295837,-0.011312503
-0.00052798295,-0.02407508
-0.0007889939,-0.017644078
-0.0013414028,-0.011372697
-0.00069030176,-0.017324187
-0.00065033877,-0.018934477
-0.0011548838,-0.01638135
-0.0012900322,-0.015834365
-0.0011694761,-0.016196594
-0.00035251043,-0.024375815
-0.0006307169,-0.023684762
0.00014214635,-0.03706136
0.001751094,-0.1037217
0.0003619158,-0.014424879
0.00020109866,-0.015302371
4.6959365e-05,-0.017031245
5.9977945e-05,-0.01741076
5.798317e-05,-0.023415204
3.8246464e-05,-0.025559623
-0.00019097516,-0.024948962
-0.00016087429,-0.024392016
-0.0005432654,-0.0145581085
-0.0004706857,-0.016629983
-0.00050690316,-0.015494887
-0.0003829311,-0.017327143
-0.0002021828,-0.018572193
-0.00031005812,-0.017348101
-0.00042622595,-0.015910583
-0.0005388189,-0.01859809
-0.00043268525,-0.02100911
0.00045063137,-0.052421797
-0.00020696297,-0.017520927
-9.514195e-05,-0.022586409
-0.0012050963,-0.008848371
-0.0004535992,-0.01940818
-0.00030521542,-0.027112827
0.0013312233,-0.09925931
-0.00034090335,-0.015711885
-0.0002721288,-0.02923359
-0.00025580492,-0.021154474
-0.00042981922,-0.018431174
-0.00026459212,-0.020651085
-0.00011052763,-0.04469441
-0.00040500303,-0.02566991
-0.00040362962,-0.024814915
-0.0004278841,-0.01999887
-0.00031513273,-0.022553258
-0.00045389845,-0.028680617
-0.0003248069,-0.016188169
-0.00060309796,-0.025319263
-0.00062380993,-0.025734015
-0.00059691985,-0.02365919
-0.0005180942,-0.015168002
-0.0005606949,-0.028510157
-0.0005610191,-0.01790601
-0.0004912873,-0.025560483
-0.00060697197,-0.019241396
-0.0007717115,-0.019307125
-0.00029299734,-0.026494771
-0.00043276424,-0.018980384
-4.322268e-05,-0.037068665
7.0831185e-05,-0.02584349
-0.0003234106,-0.027166784
-0.00033244293,-0.025739498
-0.0003301138,-0.017793955
-0.00019804046,-0.028584152
-0.0002844174,-0.021134693
-0.00058191014,-0.020039402
-0.00060923555,-0.020519935
-0.00043119298,-0.027368736
-0.00040978694,-0.03288399
-0.0006197757,-0.018643824
-0.0005205695,-0.026678607
-0.00055607903,-0.02813363
-0.00076613197,-0.017607514
-0.0008200671,-0.017772438
-0.0004565486,-0.028208977
-0.0007501734,-0.019455977
-0.0005953535,-0.023439556
-0.00063849124,-0.01804404
0.00097091915,-0.071660906
-0.00033581833,-0.026288936
-4.8528425e-05,-0.018146321
-0.00010385454,-0.01889861
-1.9773885e-05,-0.01570668
3.3744793e-05,-0.025172736
-9.726631e-06,-0.09056741
0.00038082997,-0.07029422
4.98234e-05,-0.020933516
9.252035e-05,-0.01819316
0.0001265225,-0.019515501
0.000121735866,-0.018469496
6.0499908e-05,-0.036598977
0.00017595227,-0.04230413
-0.00020004681,-0.013749
-0.00034445617,-0.017781332
-0.0009564955,-0.015725203
0.0027399843,-0.16543362
-0.0003587518,-0.024332032
-0.00023654588,-0.020167936
0.0004822918,-0.053167142
2.6779548e-05,-0.031702995
3.2637836e-05,-0.033198163
-0.00018645532,-0.027348362
0.0002400248,-0.04740434
-0.00013482494,-0.025397332
0.00096443214,-0.0807142
9.8267046e-05,-0.048765104
9.71055e-05,-0.040897977
-0.0003861481,-0.021426255
-0.00046204345,-0.022712031
-0.00017533205,-0.03777498
0.0015474618,-0.101051494
-0.00022071076,-0.024401143
6.980695e-05,-0.034881435
-0.00031412469,-0.026883937
-0.0011037808,-0.012425641
0.0021680803,-0.14140585
-0.001649237,-0.0059088264
-0.0003317999,-0.014339568
-0.00020566578,-0.0077436846
-0.0015323876,-0.008862881
0.00038691593,-0.006746318
0.00013095075,-0.00452365
-0.00039850787,-0.0024681166
-0.00039153907,-0.0032209344
9.6432035e-05,-0.0005530529
0.0003789249,-0.034498516
-0.0005217982,-0.010127863
-0.00018159546,-0.0037447326
-0.0006385308,0.013233222
0.00021489196,-0.0006027147
-0.000566969,0.0049653053
-0.00014584874,0.0054465234
-0.00015110012,0.002275858
-4.110174e-06,0.0021876618
0.00018404167,0.0030324534
0.0030155734,-0.21212876
0.00017656675,-0.025709964
-0.0002977947,0.0038922504
-0.0017069711,-0.003118394
-0.0007875682,-0.00831856
-0.00023184322,-0.012869978
-0.0005872682,-0.0033829343
-0.0021033636,-1.9527972e-05
-0.0021336272,-0.0068241097
-0.00089502626,-0.005833946
-0.00046942005,-0.005092036
-0.0013938859,-0.00499695
-0.00044165936,-0.001576148
-0.0007312193,-0.001958508
-0.0019982064,-0.005822355
0.0067962036,-0.40632704
-0.00094845897,-0.0069831535
-0.0010559508,-0.004700724
0.002182369,-0.12862596
0.0023407286,-0.14152329
-0.0010805161,-0.0033185165
-0.0012792962,-0.00730234
-0.0014790517,-0.0074145086
-0.0010943483,-0.008456904
-0.0011196363,-0.007388763
-0.0011528553,-0.005237527
-0.0011539903,-0.004965525
-0.0011630161,-0.0026989598
-0.0011354156,-0.0025486778
-0.00095965667,-0.0032091048
-0.0017415753,-0.0044162422
-0.0015864972,-0.0042114574
-0.0025308842,-0.0056604147
0.00214245,-0.10873095
0.0028355026,-0.16056955
-0.0011879338,-0.013227306
-0.0011363963,-0.013295123
0.0020655594,-0.10929588
-0.00074769254,-0.009809185
3.916025e-05,-0.026691405
0.00016100152,-0.027618514
-0.0007965471,-0.0175282
-0.0007583625,-0.018113067
0.000806936,-0.046935912
-0.001530559,-0.011686869
-0.0016611976,-0.01162643
-0.00063104974,-0.022234144
0.0013180459,-0.068197444
-9.806485e-05,-0.029140439
0.001894487,-0.08779782
0.0021360617,-0.10945731
-0.0007554984,-0.015982358
-0.0014598179,-0.012183933
0.0016770129,-0.086267754
0.0016217516,-0.06885016
0.0007551581,-0.042743802
0.00197143,-0.103574
-0.0009362416,-0.012647431
-9.6805496e-05,-0.02244998
0.0010041547,-0.056368206
0.0004602234,-0.04144009
-0.00052948674,-0.017555168
-4.927435e-05,-0.030459438
-0.0013875135,-0.011863735
-0.0005265576,-0.021754209
-0.0010311718,-0.015492935
-0.0010844445,-0.012562355
-0.001128098,-0.015546124
-0.0004771966,-0.021851793
0.00070431747,-0.056823257
-0.00085892034,-0.0137076955
-0.0010920084,-0.0137219075
0.002283579,-0.1142621
-0.00091680716,-0.017789649
-0.0012527425,-0.015361849
-0.0011759507,-0.016027628
-0.0011340142,-0.014119651
-0.0010547976,-0.015145626
0.0010115507,-0.05594036
-1.5319085e-05,-0.028087288
-0.0013754205,-0.011139508
-0.0008157909,-0.018030666
0.003084497,-0.1846911
0.00042900094,-0.026460718
-0.00029566075,-0.01044832
-0.00039546337,-0.005232379
0.0016422849,-0.10840638
3.687093e-05,-0.015026862
-0.00022981259,-0.016134124
-0.0002253955,-0.006552253
-0.00034797535,-0.017713875
-0.0006586808,-0.0070490055
-0.00033434527,-0.010596737
-0.00029319414,-0.021889549
-0.0009114987,-0.012163803
-0.00041035295,-0.017351571
0.00067942176,-0.046528313
-0.0015334068,-0.010100115
-0.0013849648,-0.012633458
0.0019010974,-0.10166132
-0.00064711703,-0.016314171
-0.0011196048,-0.0075977854
0.00097126013,-0.051806547
0.00047726545,-0.019092316
0.00010452441,-0.009904532
-0.00027308252,-0.009254672
0.00092542486,-0.061208718
0.0003523691,-0.03475857
0.0001496535,-0.02874228
-0.00049251417,-0.015836433
-0.0003951743,-0.013430646
-0.0007210702,-0.015024278
0.0012567156,-0.071180865
-0.00033952732,-0.012760241
-0.00035970256,-0.017320173
0.00079990044,-0.050371587
-0.00035740476,-0.014255453
-0.0004953113,-0.014467295
-0.0011390337,-0.014703637
-0.001061626,-0.015349057
-0.0002674065,-0.019484796
-0.0008819134,-0.01476101
0.0004116872,-0.035035875
0.00031160325,-0.02729712
0.00032244285,-0.03262369
0.002244518,-0.13045189
0.0001948648,-0.018107014
3.5413686e-06,-0.0102198925
-0.001067692,-0.010332737
-0.0011404998,-0.010431472
0.0010691939,-0.053405076
-0.0002661745,-0.015118221
-0.0002575668,-0.023045914
-0.00072799216,-0.0090566985
-0.00022129419,-0.011244249
0.0005396651,-0.0370859
0.0003048149,-0.016852353
-0.0009980341,-0.0093697645
0.0003155016,-0.032841112
-0.00083942636,-0.011373492
-0.0010560036,-0.010639161
-0.0008263783,-0.012307277
-0.00079602824,-0.018489867
-0.00060143624,-0.013648065
0.0010211525,-0.04958696
-0.00039209006,-0.009978805
-0.00097529346,-0.011879019
-0.00082411064,-0.007759597
-0.0011716357,-0.0119614005
-0.0011221269,-0.011352081
-0.0007180206,-0.013433214
-0.0002911007,-0.018614156
-0.0005354205,-0.013400335
-0.0011301665,-0.013843562
-0.0001883283,-0.020319954
0.0006510697,-0.041442502
-0.00068502873,-0.010052012
-0.00027823448,-0.020777123
-0.0007588856,-0.011290975
-0.0010871985,-0.014558168
-0.0014457678,-0.012640921
-0.00038411526,-0.0211748
-0.0007760344,-0.014806854
-0.00045914814,-0.018925892
-0.00046559755,-0.02013908
-0.00040467834,-0.018953688
0.0015703106,-0.06734385
3.683129e-05,-0.01774538
-4.270597e-05,-0.02134074
0.0020441427,-0.11732518
0.00013584182,-0.0056319945
-0.00016869775,-0.009374902
-0.00022305235,-0.0058808792
-0.00041210762,-0.013012942
-0.0011028892,-0.009955846
-0.0008891308,-0.010713331
-0.00017266803,-0.0057111643
-0.00030388986,-0.009693399
-0.0010107125,-0.009085171
-0.00083188404,-0.010813434
-0.00070077216,-0.011200177
-0.0010476642,-0.0069324
0.0013351811,-0.0807544
0.0022942796,-0.122339524
-0.00030254736,-0.009573709
-0.0003485171,-0.011163941
-8.59392e-05,-0.007872049
-0.0004289706,-0.017026024
-0.00014939262,-0.01616461
-0.0006529108,-0.020665154
-0.00047540723,-0.021452438
-0.0006504135,-0.017779749
-0.00045951153,-0.0230682
0.00040676672,-0.052525196
-0.0004838464,-0.017079594
0.0017976399,-0.117154546
0.0002950683,-0.043065265
-0.0008231719,-0.014787089
0.0006223171,-0.04549427
0.00028894283,-0.028471483
-0.00028392958,-0.017716877
-0.00027995947,-0.012545902
-0.00019991671,-0.021260705
-0.00012988376,-0.02203546
-0.00037906808,-0.011633838
-0.0005724377,-0.01666103
-0.00059783785,-0.014945257
-0.0005135872,-0.018646378
0.0011385122,-0.0633218
-0.0009231958,-0.0142131355
-0.00056483445,-0.015460476
-0.00034995103,-0.02393319
-0.00047249394,-0.017715827
-0.00027280604,-0.021303294
-0.00021782493,-0.021279465
0.0019149475,-0.10895349
-0.0010099222,-0.015412515
-0.0003315654,-0.018221267
-0.0005017803,-0.017965324
0.0029134103,-0.21674114
0.0013159848,-0.07877975
-0.00075545814,-0.011207795
0.00033664703,-0.045560993
-0.00017215997,-0.0149723925
-0.00036516436,-0.015823487
-0.00035382598,-0.026991999
-0.0006848697,-0.014246466
-0.0003613319,-0.028675346
-0.0005387267,-0.016063897
-0.0002468945,-0.022078428
-0.00036498025,-0.017301068
-0.00017596956,-0.03590706
-0.00035413058,-0.024136268
-0.000478276,-0.011284959
-0.00024472323,-0.020727288
-0.00038025988,-0.027088322
0.0011516446,-0.06996661
-0.0004576585,-0.02363307
1.09846005e-05,-0.025606584
0.0005045343,-0.034651324
-0.00010157633,-0.015942631
-0.00026599586,-0.015681224
0.0015543905,-0.08578988
-0.0014744786,-0.01172762
-0.0016114882,-0.010164682
-0.0014278465,-0.011387944
-0.00078230986,-0.018296536
0.0018334896,-0.09915965
0.0017389109,-0.075326264
0.0009936625,-0.051551122
0.0002046576,-0.028041098
-0.00021646752,-0.011881489
-0.00093349675,-0.009622948
-0.0006304195,-0.013954258
3.6997946e-05,-0.029037166
-0.00034490897,-0.01711711
0.0007940024,-0.04255633
-0.0006253131,-0.008605214
-0.00041533943,-0.008757681
-0.00013593603,-0.020765549
-0.00015426015,-0.012253493
-0.00041119708,-0.011180982
-0.0001754574,-0.014051203
-0.00073276163,-0.019207228
-0.0007993737,-0.012381008
-0.0006076433,-0.012077097
0.00016578166,-0.024271034
0.0016688405,-0.0864052
4.0652623e-05,-0.020819515
-0.00027356576,-0.0103051495
-6.830985e-05,-0.011360601
-1.5703648e-05,-0.024723686
-9.809158e-05,-0.024683852
-0.00010336943,-0.021945726
-0.00011820766,-0.025490679
-0.00019163512,-0.01731661
-4.6709843e-05,-0.016235983
-0.00025849894,-0.013991682
-0.00018481204,-0.021611255
-6.792745e-05,-0.019147871
-5.724834e-05,-0.02041326
-5.0397368e-05,-0.022904843
-0.0009409232,-0.019963093
0.000531658,-0.041158248
-6.88633e-07,-0.023863848
-0.0009865758,-0.016405191
-0.00081722817,-0.016512869
0.00045521394,-0.028968154
0.00025140075,-0.024766404
0.0012336994,-0.058386415
0.0010327677,-0.05539226
-8.309478e-06,-0.008576319
-0.000865799,-0.011800943
7.913516e-05,-0.012706993
-0.000345057,-0.015207134
-0.0002641407,-0.013822777
-0.0002053961,-0.012521898
-0.00013626662,-0.009331439
-0.00027376506,-0.011096053
-0.00074056565,-0.014125114
0.00021985099,-0.032545276
-0.00070484524,-0.015686743
-0.0016477981,-0.017148599
0.00066704396,-0.04134721
-0.0014830625,-0.012049222
-0.001297033,-0.012389483
-0.0013127301,-0.013882816
-0.0015313707,-0.012621794
-0.0010429441,-0.014480561
-0.00061374437,-0.019994805
-0.0015516048,-0.011963818
-0.00092391076,-0.016690621
-0.0014561368,-0.011799272
-0.0010972819,-0.013265878
0.0010850171,-0.111945696
0.0007938255,-0.06957175
-0.00024740613,-0.014756558
0.00033516512,-0.009632863
-0.0009977403,-0.010936711
-0.0013259351,-0.009720476
0.00038988586,-0.0443503
0.00011231475,-0.019179953
0.00012390925,-0.0047656856
0.00023691628,-0.0320963
-0.00026530348,-0.007894434
0.00085715635,-0.060236327
-0.00018410869,-0.00862297
1.9697662e-05,-0.017518917
0.0005585208,-0.041662857
9.487248e-05,-0.0092416555
-0.0004956788,-0.01724427
-0.00012864517,-0.01613754
-0.00042271317,-0.020755436
0.00043205963,-0.016556242
0.0011072227,-0.07030834
0.00012019748,-0.024332777
-4.0341474e-05,-0.014865832
0.0001915825,-0.02430493
-0.0006163896,-0.009877514
0.0018635454,-0.113444515
0.00065403135,-0.053378873
0.000601425,-0.04445458
0.0016270905,-0.12700653
0.0016145356,-0.11388548
-0.0007564734,-0.02039953
-0.0011445235,-0.012823876
-0.00038234197,-0.025762014
-0.0016560481,-0.010058684
-0.0001502528,-0.029258268
-0.0005235124,-0.019514145
-0.0011141183,-0.0126770325
-0.0012827002,-0.011689566
-0.0011892105,-0.011483461
-4.479027e-05,-0.020642344
-0.0007845453,-0.016964974
-0.0015852832,-0.010801893
-0.0011339863,-0.012748949
-0.0012924382,-0.015327759
-0.001260286,-0.014126483
0.0023242768,-0.10030197
-0.0012182416,-0.011500981
-0.001649922,-0.011006251
0.00072477094,-0.040507838
-0.0007294101,-0.016910452
-0.0013403925,-0.0119654015
2.8015987e-05,-0.029666524
-0.0005837851,-0.0150139965
0.0017155805,-0.07390997
-0.00077112985,-0.014857408
0.0013394757,-0.0654722
0.0007361222,-0.039735552
-0.00094992126,-0.011334114
0.0014887268,-0.07563344
-0.001157455,-0.011821695
-0.0006407306,-0.020298265
-0.00062548456,-0.020134203
0.00069214543,-0.054064587
-0.0004099186,-0.025176631
-0.00063786656,-0.016834417
-0.00047731638,-0.019671349
0.00016683446,-0.03320729
0.002183853,-0.12142691
0.0009747046,-0.0648185
0.0008480149,-0.062381018
-9.817265e-05,-0.016903698
-0.00026969868,-0.010338891
-0.0003870878,-0.017813401
0.0013780826,-0.08046034
0.00043104542,-0.023719074
-0.00052900275,-0.01134765
0.0011599759,-0.07386591
-9.751473e-05,-0.016999545
0.0013644964,-0.079205565
-0.00026882935,-0.01166364
0.0012430429,-0.06944565
0.0016555056,-0.10601313
2.3640998e-05,-0.024811063
-0.00085336174,-0.014893567
-0.0013027983,-0.010745194
-0.001328523,-0.011491606
-0.00022581416,-0.020678889
-0.0006717634,-0.015564404
-0.001169033,-0.0118419565
0.00019078066,-0.029851554
-0.00062876975,-0.0145469345
0.0014015451,-0.060890235
-0.0006978702,-0.016005218
0.0002443634,-0.036832925
-0.0013524152,-0.014921725
-0.00076279975,-0.015531249
0.0029442147,-0.15926477
0.0016304558,-0.068688184
0.0005003437,-0.031590346
-0.00061082805,-0.016261682
-0.0005871023,-0.01364572
0.000300986,-0.028207533
0.00041780173,-0.031139487
0.0004439467,-0.036822602
0.0017323532,-0.092533514
-9.188421e-05,-0.02469663
-4.4043845e-06,-0.029257992
-0.00027935824,-0.027073614
-0.00096162467,-0.029876817
-0.0019501186,-0.008097807
0.0050378237,-0.3102298
-0.00096680527,-0.011556352
0.00036673818,0.002511941
-0.0007720501,-0.005011875
-0.0007719394,-0.00086961687
-0.0006998831,-0.0035278462
-0.0007683481,-0.0041791946
-0.00070665544,-0.004185766
-0.0012904797,-0.011381313
-0.0012018632,-0.0105236415
-0.00066118105,-0.003771808
-0.0014567688,-0.010604199
0.0010971742,-0.07844763
-0.00063394656,-0.011819711
-0.00095735,-0.0063114613
-0.00080932747,-0.0020041075
-0.00092427654,0.00040170178
0.00044287345,-0.016983962
-0.0005073643,0.0032038912
-0.00064807816,0.0026219338
-0.00050895114,0.0006615035
-0.00043968554,0.00090200454
-0.00058155437,-2.6013702e-05
0.0069189924,-0.45474982
-0.0007512935,-0.00011423975
-0.0007544847,-0.00028460845
-0.00043350796,0.005637482
-0.00072941044,0.0027580187
-0.0007248871,0.0028905943
-0.00065533665,0.0027448274
-0.0003438259,-0.008393673
-0.0009196005,0.00032820553
-0.0016840191,-0.0017649233
-0.0010658099,-0.0038733222
0.0005599202,-0.05445999
0.0033418501,-0.20617527
0.0018860063,-0.11797876
-0.00082038273,-0.002213603
-0.00038477127,-0.0030472316
0.0007290215,-0.04606724
0.0013087096,-0.08917157
0.0018542032,-0.12564082
0.00047896872,-0.039843597
-0.00042890152,-0.00072766095
-0.00047114177,-0.02182801
-0.0011781952,-0.0068342537
0.000120306446,-0.036114335
-0.0009933652,-0.008150153
-0.00090004376,-0.005410308
-4.6781934e-06,-0.034839552
2.0438252e-05,-0.031221665
0.00096714334,-0.061982475
0.00025594904,-0.023999853
0.0010948512,-0.085504174
-0.00031169632,-0.0066344813
0.0011593864,-0.095925696
-0.0007977172,-0.003055578
-0.00016665926,-0.011525776
0.00069981924,-0.052107837
-0.00083032955,-0.005901478
-0.00032078184,-0.0061289854
0.0003687321,-0.046916857
0.00020574224,-0.043834053
-0.0004893072,-0.007029347
0.0010146517,-0.09115423
-0.0008198946,-0.027605101
-0.0010305742,-0.023696769
-0.0014995555,-0.0150183905
0.0003981333,-0.049242854
-0.00086700765,-0.0076262
-8.6081476e-05,-0.030555937
-0.0014038268,-0.013249058
0.0017934389,-0.10658718
0.0009650326,-0.05267201
-6.856902e-05,-0.013928376
-0.00010805802,-0.030116767
-0.00042633218,-0.01843415
-0.0006066039,-0.0070329383
0.0006626526,-0.045222335
-0.00088028563,-0.007097462
0.0005689078,-0.039458044
-0.00051435205,-0.00879138
0.002129694,-0.12476521
0.0005034518,-0.027851198
0.00089937396,-0.06651289
-1.8873616e-05,-0.011495333
0.0003356585,-0.034165736
0.00035121298,-0.022363795
-5.388436e-05,-0.01270761
0.0009963998,-0.08453572
-0.00024550833,-0.011447847
0.0006011817,-0.06298362
-0.0010734033,-0.014127206
-0.0012830081,-0.010254774
0.00021924502,-0.03704547
0.0022318086,-0.14718875
-0.00013831399,-0.013711039
-0.0007460432,-0.007412458
-0.0005601487,-0.009868342
8.349605e-05,-0.053598784
-0.0010237948,-0.01680539
-0.00092542556,-0.0070687197
-0.0021750792,-0.010775857
-0.0025478364,-0.008930922
-0.00196998,-0.010214524
-0.0010107048,-0.014707314
-0.00038390816,-0.027943037
-0.0010713506,-0.015294079
-0.0012172456,-0.013437575
-0.0013978853,-0.013600327
-0.0002038239,-0.035895143
-0.0005707123,-0.031816166
-0.0009933703,-0.022589825
-0.00064299663,-0.028276006
-0.0012296597,-0.019205576
-0.0013565747,-0.020378353
-0.00094537763,-0.027887506
-0.00054790167,-0.026542699
-0.00067349,-0.023997094
-0.0012689643,-0.018958863
-0.00025734387,-0.034762084
-0.00022165866,-0.031260207
-0.0011050644,-0.0114934705
-0.0012999449,-0.011163987
-0.0018199146,-0.009843323
-0.0018916652,-0.0076565016
-0.0003963532,-0.033452295
0.0011927777,-0.08519834
-0.0015195701,-0.014066376
0.00017817068,-0.05069159
-0.00037572847,-0.014571752
-0.00034307456,-0.022899432
-0.00043748942,-0.011912316
-0.001246549,-0.013114603
0.00021291424,-0.041694067
0.00020287205,-0.012444671
-0.0013497387,-0.0130641125
-0.0015378031,-0.012770239
-0.002083289,-0.010846492
0.00090051873,-0.045175973
-0.0001830028,-0.01611726
-0.0011916358,-0.012093125
-0.00026791453,-0.021043928
0.0017746827,-0.06863882
-0.00035458023,-0.018035576
-0.00074841676,-0.0125154685
-0.0013199364,-0.012323387
-0.0016998585,-0.011945488
0.0016615182,-0.061238594
-0.00016697413,-0.010982297
0.00021302862,-0.031743642
-0.0016329803,-0.012905497
-0.0007915026,-0.011751629
-0.0006927374,-0.010991994
0.0005389585,-0.033456128
-0.0006844785,-0.009804409
-0.00064670865,-0.009432856
-0.0018518203,-0.011464335
-0.0006223088,-0.015275978
-0.00059503235,-0.018599894
0.0022324938,-0.10910467
-1.5635815e-05,-0.009126974
-0.0012617141,-0.00574081
-0.001158402,-0.010927375
3.904944e-05,-0.017502598
0.00034014106,-0.024683326
0.0012213568,-0.06980886
-0.0008587289,-0.0048996247
-0.0010549334,-0.011356333
0.0005580381,-0.020551935
0.0012842305,-0.07035964
-0.0005054262,-0.014948297
-0.00037950347,-0.018725352
0.0018609432,-0.10877519
-0.0001412175,-0.0056978427
-0.0014436527,-0.011751974
-0.0009255371,-0.005697906
0.0001549684,-0.023608461
-0.0010009063,-0.013180139
-0.00079040835,-0.013253175
-0.000724883,-0.013234807
0.00036969833,-0.025996566
-0.0003976851,-0.012131389
6.671678e-05,-0.03555649
0.0014913069,-0.087335
-0.0007831297,-0.020189868
-0.0006913743,-0.020067995
-0.00039436982,-0.016667675
-0.00042059016,-0.020517772
-0.00044867088,-0.020454505
0.0011015413,-0.055292524
0.00083612173,-0.043772638
-0.00040381053,-0.011043318
-0.00034557382,-0.012772413
0.0020754489,-0.10325716
0.00023089546,-0.008304261
-0.0011300805,-0.014150787
-0.0016135295,-0.01133897
-0.0013202343,-0.01178785
-0.0009885776,-0.014616102
7.692273e-06,-0.03241527
-0.00094462576,-0.012970127
-0.0009491585,-0.013177872
-0.0013752001,-0.010739103
-5.2243406e-05,-0.033088237
-0.0017606851,-0.010744523
-0.001672928,-0.0107391905
-0.0007521339,-0.01613973
-0.000995806,-0.012333807
-0.0011126449,-0.015360337
-0.0013884671,-0.010186136
0.001088551,-0.08143975
-0.00017988148,-0.011655744
-0.001874232,-0.012051707
-0.0014995345,-0.012798442
-0.00075109955,-0.015734758
-0.00088722457,-0.012239281
-0.00097071513,-0.012228178
-0.001646728,-0.010991814
-0.0013658063,-0.012554472
0.0028129094,-0.160797
0.0020371682,-0.1176429
0.00041012157,-0.04124516
0.00030198856,-0.030988501
-0.00019969723,-0.010604344
-0.00014999394,-0.011971863
-0.00094469317,-0.013067666
-0.0013059526,-0.011317357
-0.0015348073,-0.0072859935
-0.0010460713,-0.008021671
-0.0009192092,-0.009108452
-6.903995e-05,-0.013224451
-0.0008087825,-0.011627676
0.0020487455,-0.099057175
-6.1973245e-05,-0.008527733
-0.00097025523,-0.010385063
-0.0020212627,-0.010386523
-0.0014206381,-0.011394754
-0.0009850599,-0.012180254
-0.00149554,-0.012491398
-0.0011297935,-0.01982836
-0.0006825946,-0.017235
0.0006635378,-0.020813424
-0.0016425825,-0.009887099
-0.0013649018,-0.011551835
0.0006003059,-0.024879314
-0.0012638441,-0.0118675195
-0.0010639614,-0.010563873
0.0013424881,-0.04401069
-0.0008874362,-0.014224201
0.00084395404,-0.036307853
0.0026566754,-0.15661496
-0.00073165365,-0.017968936
-0.001208152,-0.01274411
-4.522754e-05,-0.01935053
-0.00013319579,-0.018638192
-0.00035246363,-0.02170437
-0.00043348415,-0.024219098
-0.00054819917,-0.022205267
-0.00046927074,-0.023708977
-0.00037919544,-0.025884312
-0.001053815,-0.0235309
-0.00024593266,-0.027821954
-0.000167581,-0.02935958
-0.00036873895,-0.027519008
-0.00026465784,-0.028797423
0.0002581937,-0.033051867
0.0018586318,-0.108014666
0.00011996967,-0.021490492
-5.7785597e-05,-0.017984081
6.5552085e-05,-0.013585869
8.586155e-05,-0.0120683685
-0.0018763563,-0.011586625
-0.00085836166,-0.015299274
0.0024047538,-0.122806564
-0.0005589553,-0.014167452
-0.0013952546,-0.013290387
-0.0009418816,-0.013006816
-0.0007987769,-0.011775207
0.0020160244,-0.08322403
0.0005706979,-0.020646648
0.000105931555,-0.025168907
0.0007876281,-0.034995537
-0.000979359,-0.009986864
-0.00085375307,-0.0083421245
-0.00040052173,-0.015770417
-0.00061618106,-0.010867996
0.000645724,-0.039277624
0.0001241282,-0.018366614
0.00026541838,-0.02952168
0.00161123,-0.09869786
0.00028864737,-0.016727857
-0.00039105944,-0.011477932
-0.00014954891,-0.023248082
-0.00043756596,-0.012990935
-0.00014090128,-0.03002708
-0.00023383077,-0.029378723
-0.00040390837,-0.02403944
-0.0017604548,-0.0137036275
-0.0011403405,-0.015682874
-0.00037833874,-0.022270601
-0.00057119835,-0.023578875
-0.0013762187,-0.018359682
-0.0010407756,-0.01840585
-0.0007792643,-0.020040978
0.00027340138,-0.036812644
-0.0009592387,-0.02020342
0.0009533783,-0.05351302
0.00028330163,-0.032066807
0.0018416337,-0.077897474
-0.00019908305,-0.016453529
-0.001361638,-0.012012396
0.000112128095,-0.025267914
0.0021206366,-0.117323704
0.00038775132,-0.011302253
-0.00045463804,-0.013892774
-0.0004565483,-0.0084094815
0.00025059393,-0.028052673
0.000326744,-0.030207932
-0.0003261424,-0.0119946
0.0002685316,-0.026583679
0.00017504532,-0.025374705
-0.00019277011,-0.02237989
-0.00014016604,-0.017243281
2.713452e-05,-0.022292126
-0.00035001,-0.015453529
0.0004599383,-0.02255729
0.00055526535,-0.031291045
-0.0008282715,-0.016047787
-0.0006523833,-0.018127106
-0.00034257566,-0.020126121
-7.50826e-05,-0.03900315
0.0019501483,-0.111667976
-0.00014689063,-0.018786225
-0.0005737525,-0.022904921
-0.0006526577,-0.019599248
-0.0004366415,-0.016477399
-0.0008793599,-0.015999105
-0.00024506514,-0.0134407
-0.00029309484,-0.013282284
-3.915369e-05,-0.016411778
-0.00053127395,-0.016932774
0.0021094216,-0.08508842
1.7877828e-05,-0.014170529
0.0006021875,-0.03315775
-0.00061301043,-0.01286656
-0.00046995364,-0.01779978
0.00042443693,-0.03153066
-0.0010742245,-0.015510038
0.0012135012,-0.047680482
-6.274189e-06,-0.019701183
-0.0006703741,-0.010314871
0.0017412031,-0.079586856
0.0003298343,-0.01375757
-0.00046095136,-0.00599508
-0.00052286667,-0.009358183
-0.00040306617,-0.009051461
-0.0006180586,-0.0103910975
4.911443e-05,-0.032167993
-0.0007292848,-0.01254639
-0.00067511195,-0.012552388
-0.0012398004,-0.014293259
-0.0011067665,-0.013789309
-0.00010289521,-0.013370931
-0.0004946641,-0.018288745
0.00077684835,-0.047962178
-0.00029593025,-0.019173788
-0.00052748265,-0.023377385
-0.00025089047,-0.02476466
-0.0004230789,-0.022366773
-0.001119899,-0.015813317
-0.00085761724,-0.018483765
0.0004012311,-0.031621855
0.00059925055,-0.024598993
0.001979366,-0.09854818
-0.0008737121,-0.018164482
-0.00051848823,-0.023603043
-0.00038615993,-0.025324311
-0.00035402173,-0.022376545
-0.0002487363,-0.022941384
-0.00036656042,-0.022516457
-0.0003802146,-0.018371534
-0.0009323128,-0.017680025
0.0002844347,-0.03006496
-6.941952e-05,-0.021414194
-0.00019460691,-0.025375998
-0.0004553927,-0.022855883
0.0021302018,-0.09949151
-0.00043888326,-0.01571998
-0.0003512879,-0.018469028
-0.00010038297,-0.010579206
-0.00048032316,-0.015460074
-0.00039678125,-0.01737976
-0.0010973262,-0.014322467
-0.001166441,-0.012642985
-0.0005082252,-0.013556134
0.0021186485,-0.09267318
0.0017823295,-0.08180468
-0.00092228525,-0.009745564
-0.0015137645,-0.013066994
0.00035611418,-0.040080518
-0.00047110254,-0.02865339
-0.0014335447,-0.016564727
-0.0009858904,-0.023085602
0.00085878634,-0.05414372
0.0006005194,-0.04725893
-0.0008268638,-0.024868418
-0.00018512235,-0.032362197
0.0017841674,-0.07116207
-0.0001140689,-0.02415124
-0.0002484519,-0.024843544
-0.00066165446,-0.019683434
-0.0003127682,-0.021246973
0.0002741497,-0.035469547
0.00081416697,-0.049631502
0.0013058397,-0.05820135
0.00015529517,-0.028237537
0.00082398125,-0.049396157
-0.0001571833,-0.029394679
0.00011973891,-0.041408792
-0.00014666365,-0.029959872
-0.00064352294,-0.02581906
-0.0014301543,-0.018248508
-0.0016541178,-0.024973314
0.0007911626,-0.0065190233
-0.0018572187,-0.0090545975
-0.0018376613,-0.007654708
-0.0014032288,-0.015939424
0.0012361901,0.0032900125
-0.001215623,-0.0010102727
-0.002129918,-0.0028586276
-0.0021841405,-0.006357016
-0.0017840671,-0.005139541
-0.0015835966,-0.005327698
-0.0017541861,-0.00504392
-0.0013083353,-0.013512382
-0.0013459874,-0.01208945
-0.0018196899,-0.0032269023
-0.0014160825,-0.0018877909
0.0013502032,0.006116748
-0.0016816038,-0.002120832
-0.0022264987,0.0010925457
-0.0014467977,-0.0038860142
-0.00057356065,-0.0048948675
-0.00069353083,-0.0021916982
0.0003908025,0.0004146248
-0.0008085136,-0.0011918098
-0.0005253684,0.00029236823
-0.00043699512,-0.025639191
-0.0014029839,-0.0065524243
0.0024102821,-0.12925076
-0.0010656331,-0.0116827935
0.00022948963,-0.032174498
-0.0013121789,-0.0077613033
0.00015647034,-0.035253577
-0.0004136273,-0.020093156
0.0010208787,-0.044680174
0.001482185,-0.060493596
0.0030234025,-0.1736809
0.0008431667,-0.039254405
-0.00057593273,-0.004700899
0.0010065952,-0.06971821
-0.0004808347,-0.0062622204
0.00024300812,-0.028459284
-6.7841334e-05,-0.0075700395
0.00032743684,-0.016088717
-0.0002024473,-0.010201359
-0.00025012734,-0.006862778
0.00044882018,-0.023899626
-0.0005435143,-0.005639786
-0.0004557608,-0.011061646
-0.0006749278,-0.004884051
-0.00022515007,-0.017195508
-0.00067960174,-0.005791744
-0.0009894735,-0.0050520785
-0.00024510414,-0.0132342875
4.21897e-05,-0.033752754
-0.00031687366,-0.011259604
-0.00086986506,-0.023966348
-0.0007550227,-0.014792984
-7.17191e-05,-0.044662528
-0.0001286777,-0.03811559
-0.00011902362,-0.037538216
-0.0010022843,-0.026339082
0.00036849838,-0.025426596
-0.00039135298,-0.027268864
-0.00097159203,-0.023502331
-0.00026105452,-0.036394145
-0.00038786058,-0.031417612
-0.0007275492,-0.025167529
-0.0006042796,-0.028437613
-0.0005037848,-0.025983356
-0.00019971149,-0.030159444
-0.0005774986,-0.023414114
-0.00046061102,-0.02269804
-0.0008678635,-0.027100371
-0.0006810828,-0.024704564
-0.00062686024,-0.023785813
-0.00082809484,-0.024815688
-0.00041399506,-0.029159212
0.00024950277,-0.03864577
-0.00070629286,-0.021227993
-0.00015488354,-0.028135719
0.00039408728,-0.036613017
-0.0008382152,-0.020537406
0.0010654961,-0.048413523
0.00045656727,-0.028752657
-0.0005242471,-0.011828667
-0.0006347328,-0.01574696
-0.0008138227,-0.009283373
-0.00156759,-0.012294751
-0.0007831398,-0.011506557
0.0014435382,-0.06304377
0.0005585324,-0.023757266
-0.00060784095,-0.012573034
-0.000113786795,-0.029200295
-0.00046619278,-0.018246353
-0.0002485586,-0.024979677
-0.0017420902,-0.009514334
-0.00092886225,-0.018674493
-0.0027163231,-0.0071532764
-0.0019299972,-0.008775603
-0.0014790475,-0.017094795
0.0016602656,-0.06610267
0.0014011366,-0.03686799
-0.00038233452,-0.008279083
6.696435e-05,-0.011595499
-0.0006924093,-0.010471113
-0.0008769474,-0.0099694505
-0.00065393,-0.015224494
-0.0008424079,-0.011528935
8.511408e-05,-0.03170007
-0.0010392723,-0.012242844
0.0019019514,-0.08819113
-8.728729e-05,-0.0065982975
-0.000110147594,-0.013530588
-5.7627345e-05,-0.013602607
0.00020697851,-0.032036405
0.00034474698,-0.041285902
0.001640313,-0.114506274
-0.0004378924,-0.006722469
-0.00029292016,-0.008711405
0.00023829342,-0.063841835
0.00056125765,-0.060035106
-0.0006247436,-0.027649682
-0.0011450198,-0.012741603
0.0010124152,-0.05235648
0.0020119303,-0.09038791
-0.00021254257,-0.014172224
0.00073250226,-0.042326108
3.9470455e-05,-0.026554398
-0.00045717706,-0.0073127076
-0.00037384767,-0.0076992773
-0.0011816901,-0.010299973
-0.0013485034,-0.01105196
-0.00074298424,-0.010634676
-0.0005809178,-0.0155807175
-0.0012968121,-0.012960378
-0.00070501363,-0.013509909
-0.0004960459,-0.018965507
-0.00055319024,-0.010325683
-0.0013504392,-0.0116504375
-0.00078868394,-0.01925689
-0.0007161803,-0.018293798
0.00047298748,-0.04109397
0.0022878256,-0.0957635
5.1718278e-05,-0.018176746
0.000821232,-0.046048444
-0.001646407,-0.01128507
-0.0019229417,-0.009741284
0.0015365847,-0.0442442
-0.000824868,-0.010778584
-0.0009761388,-0.009781709
-0.0008447384,-0.022982847
-0.0008762772,-0.022516878
-0.00059689477,-0.022568133
-0.00074871164,-0.00960608
-0.0023169925,-0.0084352475
-0.0004298716,-0.019972492
-0.0008250489,-0.0103588775
-0.0012805281,-0.0126677845
-0.0013490489,-0.01259017
-0.0012557692,-0.0152983535
0.00040075078,-0.03942231
0.0006179736,-0.025123883
-0.0018102385,-0.012278281
0.0012649663,-0.05350456
-0.0002752998,-0.01859207
0.00016205407,-0.03065243
-0.0008309662,-0.0151238665
-0.00016036337,-0.011724759
-8.8980545e-05,-0.026453208
-0.002428172,-0.00970727
-0.0020360083,-0.009818848
-0.0006302828,-0.02289081
0.0010090842,-0.06250919
9.838048e-06,-0.03504235
0.0002855995,-0.02872128
0.00052009406,-0.04388102
0.0002714382,-0.050616067
-0.00093910284,-0.015615355
-0.000894427,-0.0150468815
-0.00053259544,-0.015363861
-0.0008124265,-0.013537673
2.2770815e-05,-0.029627291
0.00015666579,-0.029735055
0.0004980341,-0.041255265
-0.00011960133,-0.027275722
0.00032118335,-0.01980674
4.1063875e-05,-0.026716853
7.870651e-06,-0.020735152
-6.156102e-05,-0.012992278
-0.000323957,-0.007886346
-0.0014597983,-0.012728984
-0.00010050788,-0.026348177
7.480649e-05,-0.021820493
-0.0002406056,-0.022682982
-0.00025075808,-0.022884209
0.00073535956,-0.043511577
7.09819e-05,-0.012106139
0.00016923565,-0.011773635
-6.968736e-05,-0.013307583
1.3484168e-05,-0.011484427
-0.0007642887,-0.010969114
-0.0005386707,-0.012532685
-0.0007371856,-0.009081505
-0.0005547226,-0.015248811
-0.0005378822,-0.013168329
0.0021703078,-0.16054448
0.0001881227,-0.039643083
-0.0008488246,-0.0062405
0.00034376176,-0.017578341
-0.0003476304,-0.016969528
-0.00035118987,-0.014499234
-0.00021842857,-0.014883205
-0.00029640633,-0.028649213
-0.0005326431,-0.013444385
-0.00013071673,-0.014499694
-0.00033967668,-0.013148649
-0.0014078842,-0.012454107
0.000329105,-0.022643305
-2.1094384e-05,-0.01921774
-0.00063327694,-0.007850969
-0.0011951394,-0.012030087
-0.0011062344,-0.016978636
0.00042423577,-0.028750569
-7.652976e-05,-0.014897339
-0.0013857232,-0.01328196
-0.0011985117,-0.0145891365
-0.00088100915,-0.0133065395
0.000509376,-0.019398376
-0.0010897124,-0.014248371
-0.0017840702,-0.013806552
0.00046252582,-0.028006049
-0.00050208886,-0.02267797
-0.0008005576,-0.019969527
-0.00047076464,-0.024239767
-0.00058670406,-0.023960255
0.00030399975,-0.029091652
-0.0007154322,-0.023863638
0.0002333781,-0.049405105
0.00031018286,-0.0295634
8.733889e-05,-0.009340832
-0.000322279,-0.008160215
-0.0021708778,-0.010927286
-0.0017644893,-0.011681361
0.00013494944,-0.017642668
-0.00024686893,-0.01556135
-0.0005921192,-0.016300041
-0.0002300439,-0.030734614
-0.0006733885,-0.012480587
-0.0016993387,-0.01121185
-0.00014823784,-0.015277136
-0.00044951716,-0.011773115
-0.00096190715,-0.010888355
-0.0017757756,-0.0087890625
-0.0018700545,-0.01555109
-0.00054991804,-0.0354852
0.00016700078,-0.040998813
0.0013118235,-0.071839154
0.001188864,-0.05624671
0.0010944584,-0.057106603
0.0017139146,-0.06751175
-0.0012098162,-0.014814446
-0.00064731983,-0.02218619
-0.0015475401,-0.012143904
0.0009184859,-0.053914525
-0.0007038321,-0.022999736
0.00012190692,-0.033377435
-0.0009278972,-0.021676557
-0.0007979862,-0.024169765
-0.00030774134,-0.032586697
0.0010216687,-0.052328676
-0.0012350117,-0.018900596
9.6787815e-05,-0.039430246
0.0012894052,-0.05944387
0.00045497692,-0.039422564
0.00010468079,-0.02938284
-0.0006752792,-0.019686934
-0.0010754728,-0.013668604
-7.109821e-05,-0.02656845
0.0014342921,-0.079717636
-5.4114702e-05,-0.018301293
-0.000113169925,-0.014553353
0.00031229202,-0.03748981
-0.0010906401,-0.015894188
-0.00030938198,-0.024928018
0.00023148411,-0.034750827
-8.315101e-05,-0.023069976
-0.0013719737,-0.012833416
-0.0011559253,-0.016723778
-0.0014414703,-0.012082562
-0.000891866,-0.01713199
-0.0008720434,-0.011807967
7.747197e-05,-0.031598907
-0.0012889173,-0.0123584755
-0.0002677493,-0.02259778
6.489685e-05,-0.0343514
0.0017957558,-0.06896639
-0.0006951054,-0.018918335
0.0004636346,-0.039866604
-0.0003448784,-0.022438565
-0.0016380802,-0.012601566
-0.0015003746,-0.01584341
-0.0010848576,-0.01396546
-0.0008463508,-0.015423849
-0.00075506524,-0.019797761
-0.0010372987,-0.014211649
-0.0009964247,-0.014902517
0.0027571113,-0.19008487
0.0005412374,-0.06300531
1.5134559e-05,-0.032953005
0.00042652292,-0.054582458
-0.0006792818,-0.006612515
-0.0005130537,-0.024062963
-0.00050426496,-0.023388887
2.8067487e-05,-0.023510199
-0.00024998642,-0.027087212
0.00027904107,-0.032532055
0.00034398196,-0.033589955
-0.00034082,-0.01843498
0.00012723505,-0.046887744
-0.000326444,-0.0152126085
-0.0007073529,-0.009987615
-0.00048775302,-0.016790533
-0.00031585322,-0.040867653
-0.00036081288,-0.018025396
0.00021041038,-0.02195844
0.0002239915,-0.05484301
-4.548063e-05,-0.049909286
-0.00019047201,-0.015367232
-0.0001150983,-0.04002955
-0.0009245315,-0.020041205
-0.0004958652,-0.028395783
-0.0013440846,-0.012965055
2.0143678e-05,-0.017798346
-0.00014824262,-0.017816838
-0.0012203828,-0.020260168
-0.00058169645,-0.01941351
-0.00067109225,-0.022459729
-0.001469642,-0.017609473
-0.00081067503,-0.022409424
-0.0005513034,-0.025173038
0.00044886913,-0.04495723
0.00018932066,-0.03190675
-7.115274e-05,-0.03157416
-9.7645156e-05,-0.02615058
0.0005316409,-0.04311478
0.0004064992,-0.038522217
0.00017576016,-0.04055265
-0.0008139151,-0.0120191425
0.0007663013,-0.05737143
0.00045294064,-0.040337984
-0.00031194458,-0.01903902
0.00014122976,-0.021349855
0.00026404625,-0.028250104
-0.001264893,-0.017460814
-0.000861536,-0.016542928
-0.0009798919,-0.013309907
-0.00119381,-0.013979411
-0.0006023003,-0.019359369
-0.0013872631,-0.01318511
0.00031248882,-0.03701079
0.0005360401,-0.035473205
-0.0004034508,-0.019685753
-0.0005883328,-0.01924827
-0.0004987539,-0.023107294
-0.0003314176,-0.02602208
-0.00033336174,-0.025258537
0.0005401435,-0.044407543
-0.0006067011,-0.025434226
-0.00039274618,-0.025218593
0.0012921765,-0.06340703
0.0001667675,-0.037517734
0.00020890664,-0.046145253
-0.0005177863,-0.021884123
-0.0003900265,-0.027686879
-0.0002991701,-0.015877565
-0.0001739181,-0.031211425
-0.00028210029,-0.028162729
-0.00011615858,-0.028838579
-0.00077269174,-0.025523234
-0.00074531266,-0.025095599
-0.0004974667,-0.023655612
0.0014333122,-0.064520605
-0.0007987516,-0.02239495
-0.00082739105,-0.01855455
0.00017403442,-0.039966747
-0.0005247673,-0.023367308
-0.0004928064,-0.026005821
-0.0005690692,-0.025704509
9.7618686e-05,-0.037867878
-0.00029800762,-0.029379828
-0.0005292308,-0.025772419
0.00067564653,-0.049640216
7.084722e-05,-0.032135528
0.00069131854,-0.037483297
-0.00078032893,-0.019497735
-0.0006261777,-0.026458412
0.001486672,-0.06566883
-0.00038690824,-0.026673485
-0.0006071121,-0.02221401
0.0021832336,-0.10847208
0.0011412733,-0.06521816
-0.00024287337,-0.022745227
-0.0021627732,-0.016435262
-0.0017859085,-0.010934791
-0.00069758313,-0.02198733
-0.00055303326,-0.027006648
-0.0009696574,-0.019346233
-0.00036895298,-0.02963413
6.010918e-05,-0.034747504
-0.00018900697,-0.031625044
0.0010159297,-0.054206073
-0.0005605854,-0.028260158
-7.773189e-05,-0.035102595
-0.0003647019,-0.03908553
-0.0036369243,-0.0047878698
-0.00052116456,-0.015321478
-0.0019563853,-0.0092587285
1.6772872e-05,-0.014326299
-0.0015358736,-0.011409724
0.00093886256,-0.004876068
0.00038398785,-0.005336046
-0.0024194135,-0.007034749
-0.0023056546,-0.0063644145
-0.00065277965,-0.006412767
-0.0019492934,-0.004762925
0.0011195327,-0.0013114065
-0.0025146322,-0.004145518
-0.00074365805,-0.0020485763
-0.002273455,-0.0036381762
0.00093303947,-0.001216907
-0.00064618886,-0.0011668131
-0.00020361763,0.00087188184
-0.0020737362,-0.003303092
